{
    "portfolio": [
        "lr",
        "xgb",
        "rf",
        "svc"
    ],
    "max_batch_size": 100000,
    "max_imbalance_ratio": 100,
    "num_batches": 1,
    "population_prior": 0.13940256045519203,
    "batch_priors": [
        0.13940256045519203
    ],
    "decision_cutoff_raw": 0.22151391097413775,
    "decision_cutoff_proba": 0.130054899213977,
    "decision_cutoff_rank": 0.7065527065527066,
    "decision_cutoff_logit": -1.9004734441554634,
    "decision_cutoff_lift": 0.9329448382390392
}