{
  "mode": "slow",
  "descriptor_types": [
    "chemeleon",
    "clamp",
    "morgan"
  ],
  "n_compounds": 1280,
  "n_actives": 128,
  "ratio_actives": 0.1,
  "population_prior": 0.1,
  "portfolio": [
    "lr",
    "xgb",
    "rf",
    "svc"
  ],
  "num_batches": {
    "chemeleon": 1,
    "clamp": 1,
    "morgan": 1
  },
  "decision_cutoff_raw": 0.13441373654212252,
  "decision_cutoff_proba": 0.0507082633990989,
  "decision_cutoff_rank": 0.8332030231952046,
  "oof_aucs": {
    "chemeleon": 0.9798448350694444,
    "clamp": 0.9791802300347221,
    "morgan": 0.9699503580729167
  },
  "proxy_aucs": {
    "chemeleon": 0.9652506510416666,
    "clamp": 0.9696519639756945,
    "morgan": 0.9638298882378472
  },
  "train_aucs": {
    "chemeleon": 1.0,
    "clamp": 1.0,
    "morgan": 1.0
  },
  "quality_aucs": {
    "chemeleon": 0.9596896701388888,
    "clamp": 0.9583604600694442,
    "morgan": 0.9399007161458335
  },
  "active_descriptors": {
    "chemeleon": true,
    "clamp": true,
    "morgan": true
  },
  "ad_hard_cutoffs": {
    "chemeleon": 0.05000000074505806,
    "clamp": 0.054999999701976776,
    "morgan": 0.05000000074505806
  },
  "rank_error_curves": {
    "chemeleon": [
      [
        0.10705583425940111,
        0.2174508106325361,
        0.256913664270507,
        0.28426618673537096,
        0.3097153676405496,
        0.3382792054167415,
        0.3589619384831236,
        0.381214648703886,
        0.40800936741353955,
        0.4305129243739606,
        0.45453153745572406,
        0.4781920366447756,
        0.5165332149292301,
        0.5510091899520295,
        0.5995143576772517,
        0.6655547206078035,
        0.7754983046482776,
        0.8715375002595723,
        0.9611664955659946,
        0.9984450817040909
      ],
      [
        0.017887682210234988,
        0.018106374506143344,
        0.018323102870730107,
        0.018681149599422513,
        0.018866172286350777,
        0.019218169770861594,
        0.019291072298958146,
        0.019831012362954106,
        0.020192341392489037,
        0.02088970058007296,
        0.021358273130348677,
        0.021473215930331406,
        0.02327889340231547,
        0.023112483495040647,
        0.02465109212472425,
        0.02978478724338287,
        0.065104695231232,
        0.21726921062209864,
        0.2174311211895365,
        0.1810355072317105
      ]
    ],
    "clamp": [
      [
        0.029942010659604154,
        0.07241405035455306,
        0.10446080467800212,
        0.13521047257370225,
        0.1714783949562806,
        0.20525729958004796,
        0.2397424907615537,
        0.26860991030229486,
        0.30391166102833034,
        0.33297907946108785,
        0.3658482817973875,
        0.40000856232972476,
        0.44327452820908364,
        0.48296276196067345,
        0.5326739378665863,
        0.599675905593993,
        0.7160701084434953,
        0.8836496286926525,
        0.9752051457578281,
        1.0
      ],
      [
        0.021335481369655133,
        0.02214141025031144,
        0.022789036435685424,
        0.023185583162868464,
        0.023785217320660666,
        0.02402200385727497,
        0.024699163524338572,
        0.02503264935715243,
        0.025556756018158197,
        0.02603940421028057,
        0.02680465807912201,
        0.027375362134468093,
        0.02812915699379732,
        0.028409120329533095,
        0.02978728751687515,
        0.03210694474915377,
        0.052658315902171654,
        0.21245292291162424,
        0.18110407490255673,
        0.1339962695129026
      ]
    ],
    "morgan": [
      [
        0.11574818393259234,
        0.22878608029809705,
        0.2625219144208088,
        0.30078171926871644,
        0.32641665335589287,
        0.3496996143581679,
        0.37461594137247173,
        0.39670816051633473,
        0.41776632666009844,
        0.4395937987020604,
        0.46698863362565357,
        0.49509490062124384,
        0.5281836935110684,
        0.5717108494589601,
        0.6068597219094168,
        0.6623896221831759,
        0.7812514610228722,
        0.8751922497450806,
        0.9579926175166478,
        0.9982059944180768
      ],
      [
        0.018419961516993492,
        0.018935163456436983,
        0.019162426396736133,
        0.019638980537195025,
        0.020255258049301877,
        0.02066664414508944,
        0.0213073129390025,
        0.0209905628124431,
        0.024601560383545044,
        0.021983159331293425,
        0.02295297541890073,
        0.025077530628852443,
        0.02822472351858919,
        0.031121357542391037,
        0.02693277176153617,
        0.036833859668074835,
        0.05883881055169427,
        0.24698495720025748,
        0.2400729801634862,
        0.18616313711945928
      ]
    ]
  },
  "decision_cutoff_logit": -2.92962728262916,
  "decision_cutoff_lift": 0.507082633990989
}