{
  "n_components": 45,
  "n_features_in": 2048,
  "n_cal_knots": 200,
  "cal_min": 2.8838107585906982,
  "cal_max": 24.648832321166992,
  "scaler": "standard"
}