{
  "task": "classification",
  "format": "onnx",
  "preset_name": "default",
  "use_linear": false,
  "n_features_in": 1406,
  "classes": [
    0,
    1
  ],
  "params": {
    "C": 1.0,
    "kernel": "rbf",
    "gamma": "scale",
    "class_weight": "balanced",
    "max_iter": 1825,
    "tol": 0.001,
    "random_state": 42,
    "use_linear": false
  },
  "profile": {
    "n_samples": 365,
    "n_features": 1406,
    "n_p_ratio": 0.259601706970128,
    "sparsity": 0.96026812681463,
    "is_sparse_counts": false,
    "binary_feature_fraction": 0.6984352773826458,
    "feature_signal_strength": 0.07943570216516324,
    "feature_signal_p90": 0.15963847974510376,
    "task": "classification",
    "imbalance_ratio": 1.1098265895953756,
    "y_skewness": 0.0,
    "y_all_positive": false
  },
  "portfolio_scores": {
    "heuristic": 0.956140350877193,
    "default": 0.9561403508771931,
    "linear": 0.9356725146198831,
    "balanced_rbf": 0.9415204678362574
  },
  "decision_cutoff_raw": 0.5123179879660794,
  "decision_cutoff_raw_source": "oof_balanced_accuracy",
  "decision_cutoff_proba": 0.5036730188792072,
  "decision_cutoff_rank": 0.4972527472527473,
  "decision_cutoff_logit": 0.014692339807766762,
  "calibrator": {
    "method": "platt",
    "coef": 7.45515450842249,
    "intercept": -3.8047174179234893
  },
  "ranker": {
    "knots": [
      0.1557139727073838,
      0.19087086641151105,
      0.19113145951384983,
      0.19782550355396863,
      0.20979171180807665,
      0.2102123325967203,
      0.21469718429088885,
      0.2182565943174625,
      0.2204350747179546,
      0.2296055975385135,
      0.23000429268893094,
      0.2325253956740531,
      0.23420010255023302,
      0.2352380855126804,
      0.24012582109383337,
      0.24048176112131162,
      0.24075488698064215,
      0.2423557305236515,
      0.24406720739694523,
      0.2440697553296864,
      0.24447725247858024,
      0.2449810826174991,
      0.24611679520539612,
      0.25002905452644797,
      0.25080856081957836,
      0.25293293124144334,
      0.25351093477835757,
      0.253953025813514,
      0.254010958638999,
      0.2541286304319292,
      0.25726934593546874,
      0.25899320185280095,
      0.259897508763445,
      0.2610396728091084,
      0.2612399275394567,
      0.2615808890842951,
      0.2621844798133844,
      0.262287295949707,
      0.2631214903123887,
      0.26364082172449776,
      0.26513007285508045,
      0.26523438423655454,
      0.2664444576476737,
      0.26780407931036393,
      0.26791533554565683,
      0.26865923624587285,
      0.2687969109046107,
      0.26884460162777224,
      0.2704664621190415,
      0.2705235624995824,
      0.2706199315058047,
      0.2706638437599014,
      0.2719673847786464,
      0.2730401712810609,
      0.2739281568347634,
      0.2740185163184072,
      0.27446869095258825,
      0.27468073879360755,
      0.2760261483104619,
      0.27616102753819954,
      0.2766167293811874,
      0.278677431075865,
      0.27970739039371867,
      0.27978285356603094,
      0.28032032552790787,
      0.28057264955710676,
      0.2812535462917516,
      0.28229415520411494,
      0.28237852419510284,
      0.28249669000999983,
      0.28290286309342005,
      0.2835498700187303,
      0.2835934785190106,
      0.28413383848838003,
      0.2848363348039997,
      0.28494005678402273,
      0.2852625549534018,
      0.2855161986866142,
      0.2857231895376202,
      0.2869908433641311,
      0.2872800543118418,
      0.28834570113806784,
      0.2885154865103675,
      0.2891599257182487,
      0.29003638133538906,
      0.2901975952366029,
      0.29063910568708257,
      0.2909630609443284,
      0.29101812612302813,
      0.2910343548958816,
      0.2912377120103365,
      0.29308746951044246,
      0.2940605068045252,
      0.2951259232916623,
      0.29612844394849647,
      0.29617481678073737,
      0.29625362714427095,
      0.2963449546408062,
      0.296665010988117,
      0.29683596617344504,
      0.2996845127502376,
      0.29998798657903036,
      0.3001353059028333,
      0.3016439150341669,
      0.3016798735225151,
      0.30199805070898256,
      0.3024508557660145,
      0.3042452380370381,
      0.30519161041425774,
      0.3052415781519019,
      0.30619468748812606,
      0.307098451528958,
      0.30789235737373977,
      0.3082000189355868,
      0.30876864684860633,
      0.3089418621990251,
      0.30921945898491515,
      0.30954516738640053,
      0.31005939278638855,
      0.310222500813861,
      0.3103320107078606,
      0.3108901685990386,
      0.312211081423077,
      0.31365685829037493,
      0.3143722760210999,
      0.3149375029693868,
      0.3149475901813983,
      0.31520999830375945,
      0.31609480926405853,
      0.31824315173367074,
      0.31830399102019885,
      0.3188983669101752,
      0.3195790407700772,
      0.31986665560746846,
      0.32094907808026085,
      0.32206299668864086,
      0.32218629955414907,
      0.322190175650292,
      0.32419382531697677,
      0.3242609054822573,
      0.3247252787519652,
      0.32578403186246846,
      0.3266148891326392,
      0.326865806427019,
      0.3287404817759528,
      0.33042399818683843,
      0.33530327344215854,
      0.3382045796437445,
      0.3383230406169368,
      0.33986202656616066,
      0.34041187111500737,
      0.34161559812428477,
      0.3437224357360918,
      0.34568092663105837,
      0.34570333983697177,
      0.3540493435101595,
      0.35811049895554564,
      0.3593401948927892,
      0.36432859712151067,
      0.36484875342923223,
      0.37609219632435775,
      0.3885236016521722,
      0.3885236016521722,
      0.3903068466520334,
      0.40088210829656773,
      0.4020632840728211,
      0.4063107541711977,
      0.41120578710134564,
      0.4145988509367709,
      0.4211980550582571,
      0.4346306593482128,
      0.43856947525429546,
      0.44747373535772905,
      0.4488783776548699,
      0.4490304832376937,
      0.4727302787384118,
      0.47575059665839836,
      0.4900833855293267,
      0.4954650195946235,
      0.4971007284228164,
      0.511067265134519,
      0.5123179879660794,
      0.5124538035729367,
      0.5205831114404272,
      0.5225098728064429,
      0.531613317011842,
      0.5333439957792321,
      0.5410851785207811,
      0.5432613085540349,
      0.545653765196627,
      0.5468408330131049,
      0.5519576055923391,
      0.5536544129503476,
      0.5572243358489556,
      0.558272663202161,
      0.5611939167933716,
      0.5616811872312784,
      0.5717806468273452,
      0.571966370540736,
      0.5733456972950789,
      0.5755600014003766,
      0.5768248482033816,
      0.577078995632579,
      0.5778264252436713,
      0.5788291843675832,
      0.5794474694810611,
      0.5802523408448113,
      0.5821555611257763,
      0.5826633305384539,
      0.5840603556590883,
      0.5841990327660604,
      0.5849224818937618,
      0.5888671577174621,
      0.5891472464489105,
      0.5908916827152894,
      0.591082932484594,
      0.5924083845103484,
      0.5933436920073197,
      0.5943426835552506,
      0.5979098142240039,
      0.5986952089072212,
      0.6009240939856723,
      0.6012188606378467,
      0.6035596571165431,
      0.6045970481070755,
      0.6075562268945917,
      0.6081714406606736,
      0.6087194083733892,
      0.6088040605320975,
      0.6124579803979628,
      0.6130009198212134,
      0.615609501638594,
      0.6178137444044237,
      0.6219919472578048,
      0.622855873080387,
      0.6260890169378377,
      0.6268836508723932,
      0.6277713962145534,
      0.6279626307695214,
      0.6292021102584034,
      0.6334248981981815,
      0.6355170168291838,
      0.6384919954405865,
      0.6449157172034482,
      0.6502299942822473,
      0.650242852894317,
      0.6516421702713971,
      0.6543773495073514,
      0.6560922267825368,
      0.6575625926116365,
      0.658986668995822,
      0.6600494813221837,
      0.6633101425287211,
