{
  "task": "classification",
  "format": "onnx",
  "preset_name": "default",
  "best_iteration": 99,
  "params": {
    "tree_method": "hist",
    "device": "cpu",
    "learning_rate": 0.3,
    "max_depth": 6,
    "min_child_weight": 1,
    "subsample": 1.0,
    "colsample_bytree": 1.0,
    "reg_alpha": 0.0,
    "reg_lambda": 1.0,
    "max_bin": 256,
    "n_estimators": 2000,
    "early_stopping_rounds": 50,
    "nthread": 64,
    "objective": "binary:logistic",
    "scale_pos_weight": 1.1098,
    "eval_metric": "auc"
  },
  "profile": {
    "n_samples": 365,
    "n_features": 1406,
    "n_p_ratio": 0.259601706970128,
    "sparsity": 0.96026812681463,
    "is_sparse_counts": false,
    "binary_feature_fraction": 0.6984352773826458,
    "feature_signal_strength": 0.07943570216516324,
    "feature_signal_p90": 0.15963847974510376,
    "task": "classification",
    "imbalance_ratio": 1.1098265895953756,
    "y_skewness": 0.0,
    "y_all_positive": false
  },
  "portfolio_scores": {
    "flaml": NaN,
    "autogluon": NaN,
    "heuristic": 0.9507797270955166,
    "default": 0.9566276803118908
  },
  "decision_cutoff_raw": 0.11700142174959183,
  "decision_cutoff_raw_source": "oof_balanced_accuracy",
  "decision_cutoff_proba": 0.17523447678329376,
  "decision_cutoff_rank": 0.4752747252747253,
  "decision_cutoff_logit": -1.5489741872199894,
  "calibrator": {
    "method": "platt",
    "coef": 4.056865521737122,
    "intercept": -2.023633221110132
  },
  "ranker": {
    "knots": [
      9.158277680398896e-05,
      0.000173918844666332,
      0.00017864344408735633,
      0.00019689963664859533,
      0.00020091967599000782,
      0.00020620273426175117,
      0.00024308146385010332,
      0.00025832714163698256,
      0.00027757513453252614,
      0.00027774987393058836,
      0.0002899968530982733,
      0.0002999241405632347,
      0.00037068454548716545,
      0.00038640733691863716,
      0.0004503151576500386,
      0.0004553705803118646,
      0.0004711288202088326,
      0.0004718847922049463,
      0.0005123826558701694,
      0.0005737647879868746,
      0.0005866898573003709,
      0.0006224758108146489,
      0.000625362154096365,
      0.0007294800016097724,
      0.0007705927710048854,
      0.0007968932040967047,
      0.0008107345784083009,
      0.0008300323970615864,
      0.0008745451341383159,
      0.0008748139371164143,
      0.0009056289563886821,
      0.0009121107868850231,
      0.0009558716556057334,
      0.0009617066825740039,
      0.0010850203689187765,
      0.0010851641418412328,
      0.001139018451794982,
      0.0011443375842645764,
      0.0011911682086065412,
      0.0011920296819880605,
      0.001209925045259297,
      0.001223853207193315,
      0.0012277669738978148,
      0.0013078904012218118,
      0.0013625985011458397,
      0.0013849185779690742,
      0.0014099797699600458,
      0.0014792087022215128,
      0.0015092656249180436,
      0.001579792588017881,
      0.0016173982294276357,
      0.001629446167498827,
      0.001633201027289033,
      0.0016411686083301902,
      0.0016627555014565587,
      0.001665509189479053,
      0.001756939454935491,
      0.0017932156333699822,
      0.001955450978130102,
      0.0020133033394813538,
      0.0021297954954206944,
      0.002151478547602892,
      0.002226945012807846,
      0.0023253140971064568,
      0.002335689263418317,
      0.0023685768246650696,
      0.002448559505864978,
      0.002465528203174472,
      0.002483135089278221,
      0.0025347352493554354,
      0.0025801470037549734,
      0.002795594045892358,
      0.002842713613063097,
      0.002887982176616788,
      0.002901802770793438,
      0.0030261182691901922,
      0.003105299547314644,
      0.003264541970565915,
      0.003408798249438405,
      0.0034907578956335783,
      0.003530356101691723,
      0.0036952835507690907,
      0.0037459416780620813,
      0.003861938137561083,
      0.0039465161971747875,
      0.0039465161971747875,
      0.003991603385657072,
      0.004172245040535927,
      0.004220038186758757,
      0.004400263540446758,
      0.004555966705083847,
      0.004573575686663389,
      0.0047567118890583515,
      0.004857124760746956,
      0.004921541549265385,
      0.005076442379504442,
      0.005106279626488686,
      0.005223975051194429,
      0.005863044876605272,
      0.005972220096737146,
      0.006118288263678551,
      0.006170886568725109,
      0.006427259184420109,
      0.006650953553617001,
      0.007194343488663435,
      0.007196537218987942,
      0.0074533200822770596,
      0.007656239438802004,
      0.007816336117684841,
      0.008236713707447052,
      0.008258691988885403,
      0.00890987180173397,
      0.009067787788808346,
      0.009454688057303429,
      0.009508872404694557,
      0.010147927328944206,
      0.010614395141601562,
      0.011047599837183952,
      0.01115343440324068,
      0.01159313227981329,
      0.01333816908299923,
      0.013493673875927925,
      0.014259335584938526,
      0.015374239534139633,
      0.01595388725399971,
      0.016288550570607185,
      0.016570597887039185,
      0.018119031563401222,
      0.01826489344239235,
      0.0189446359872818,
      0.01903540827333927,
      0.020244071260094643,
      0.021876104176044464,
      0.021876104176044464,
      0.022137312218546867,
      0.022444484755396843,
      0.02261829935014248,
      0.023296555504202843,
      0.023463383316993713,
      0.024027440696954727,
      0.024248400703072548,
      0.02454744651913643,
      0.024632630869746208,
      0.029151540249586105,
      0.02984265796840191,
      0.030566785484552383,
      0.030832087621092796,
      0.03115847334265709,
      0.031226206570863724,
      0.031916867941617966,
      0.03429936245083809,
      0.036300938576459885,
      0.04056122153997421,
      0.04173208028078079,
      0.044234536588191986,
      0.044531479477882385,
      0.04473114013671875,
      0.048739321529865265,
      0.04980058595538139,
      0.056948889046907425,
      0.06101471930742264,
      0.06168428063392639,
      0.06452732533216476,
      0.06452732533216476,
      0.07008534669876099,
      0.07116276770830154,
      0.08232778310775757,
      0.0859336107969284,
      0.0859336107969284,
      0.09113772213459015,
      0.10489130020141602,
      0.10879233479499817,
      0.11249908059835434,
      0.11700142174959183,
      0.14325912296772003,
      0.14382928609848022,
      0.186978280544281,
      0.1948026716709137,
      0.21089708805084229,
      0.21356844902038574,
      0.22929677367210388,
      0.23659352958202362,
      0.2378666251897812,
      0.24135492742061615,
      0.24269138276576996,
      0.24857473373413086,
      0.2498840093612671,
      0.2768592834472656,
      0.28897398710250854,
      0.31249698996543884,
      0.3445776402950287,
      0.38154032826423645,
      0.3963625729084015,
      0.4260917007923126,
      0.5203225612640381,
      0.5406920313835144,
      0.6085453033447266,
      0.6192928552627563,
      0.6354213356971741,
      0.642181396484375,
      0.6521990299224854,
      0.6621378064155579,
      0.6625093221664429,
      0.6734758019447327,
      0.689042866230011,
      0.7414640784263611,
      0.7515712380409241,
      0.7631601691246033,
      0.7788891196250916,
      0.797819197177887,
      0.8042293190956116,
      0.8043320178985596,
      0.8170003890991211,
      0.821262001991272,
      0.8314180970191956,
      0.8395611643791199,
      0.8518792986869812,
      0.8620089888572693,
      0.8664292693138123,
      0.8683696389198303,
      0.8814892768859863,
      0.895624041557312,
      0.9070430397987366,
      0.9109477400779724,
      0.9138495326042175,
      0.9161404371261597,
      0.919058084487915,
      0.9254006743431091,
      0.9337992072105408,
      0.9390885829925537,
      0.9459911584854126,
      0.9526281356811523,
      0.9601176977157593,
      0.9630942940711975,
      0.9639818668365479,
