{
  "n_components": 27,
  "n_features_in": 768,
  "n_cal_knots": 200,
  "cal_min": 2.869630813598633,
  "cal_max": 12.360225677490234,
  "scaler": "standard"
}