{
  "n_components": 45,
  "n_features_in": 2048,
  "n_cal_knots": 200,
  "cal_min": 3.1505064964294434,
  "cal_max": 35.043243408203125,
  "scaler": "standard"
}