{
  "mode": "slow",
  "descriptor_types": [
    "chemeleon",
    "clamp",
    "morgan"
  ],
  "n_compounds": 365,
  "n_actives": 173,
  "ratio_actives": 0.473972602739726,
  "population_prior": 0.473972602739726,
  "portfolio": [
    "lr",
    "xgb",
    "rf",
    "svc"
  ],
  "num_batches": {
    "chemeleon": 1,
    "clamp": 1,
    "morgan": 1
  },
  "decision_cutoff_raw": 0.37705473515644927,
  "decision_cutoff_proba": 0.3533460898797536,
  "decision_cutoff_rank": 0.48740842490842495,
  "oof_aucs": {
    "chemeleon": 0.946832851637765,
    "clamp": 0.9531852119460501,
    "morgan": 0.9527035163776494
  },
  "proxy_aucs": {
    "chemeleon": 0.9272940751445086,
    "clamp": 0.9418352601156069,
    "morgan": 0.9331948458574181
  },
  "train_aucs": {
    "chemeleon": 0.9995785163776494,
    "clamp": 0.9997591522157996,
    "morgan": 0.9997290462427745
  },
  "quality_aucs": {
    "chemeleon": 0.8940871868978806,
    "clamp": 0.9066112716763006,
    "morgan": 0.9056779865125243
  },
  "active_descriptors": {
    "chemeleon": true,
    "clamp": true,
    "morgan": true
  },
  "ad_hard_cutoffs": {
    "chemeleon": 0.05100000277161598,
    "clamp": 0.05100000277161598,
    "morgan": 0.05100000277161598
  },
  "rank_error_curves": {
    "chemeleon": [
      [
        0.0040316618117041,
        0.04854435802584339,
        0.06825103909213788,
        0.09785838463784621,
        0.14058741941789327,
        0.16414061876451475,
        0.21528485740376943,
        0.25640648365211155,
        0.30923167649216265,
        0.409083430382639,
        0.5377363263962065,
        0.6925752593231989,
        0.7381259770834148,
        0.7699146479630492,
        0.8136902653626424,
        0.8632646617465245,
        0.8855031497402086,
        0.9323708224414298,
        0.9601070293860802,
        0.9961887514595678
      ],
      [
        0.08520848029299985,
        0.09075524209902715,
        0.09388434874135443,
        0.09771584851902787,
        0.10285671710488409,
        0.1079588177653295,
        0.11357080894046218,
        0.12259677924505659,
        0.1354697403784455,
        0.27284252792899527,
        0.40277786973423324,
        0.20470016715894465,
        0.1642247052608985,
        0.1399289766256719,
        0.1252407247494745,
        0.1152268262900315,
        0.11087572005741946,
        0.10469843499700998,
        0.09935515239205683,
        0.09346589504765611
      ]
    ],
    "clamp": [
      [
        0.008754341187250679,
        0.048684777971260466,
        0.08638063210800867,
        0.11404002451853021,
        0.1413860673680207,
        0.1750887862757503,
        0.20603134215081031,
        0.24071494235369056,
        0.30122532960765014,
        0.408306086730828,
        0.5331949431068531,
        0.6936172533548215,
        0.7476043112635181,
        0.7759867635388249,
        0.8337480794500965,
        0.8630553287254328,
        0.8940226949244012,
        0.9336320288976504,
        0.9580901834510017,
        0.9967721930659672
      ],
      [
        0.08247382090822615,
        0.08789706106636007,
        0.0925021448531277,
        0.09725813337700764,
        0.10288629561441072,
        0.108442194244064,
        0.11444908799672353,
        0.12672730035017485,
        0.14856095467731054,
        0.25374409109652585,
        0.39417315859187435,
        0.20968579883450092,
        0.1714310788330019,
        0.1357548465084281,
        0.12113110297138335,
        0.11564069870994652,
        0.10840865945157263,
        0.10115946307565295,
        0.0963770501606673,
        0.08954239447998999
      ]
    ],
    "morgan": [
      [
        0.02138372406455034,
        0.06208366780795174,
        0.08655354181247503,
        0.09865114888829021,
        0.12761171021867274,
        0.15829042861175946,
        0.20410834195373495,
        0.23470108183231456,
        0.2771808435786751,
        0.4071544025242177,
        0.5087191965379898,
        0.7240017785369783,
        0.7663919265516709,
        0.7957126750516631,
        0.8301289730221919,
        0.8615229567558265,
        0.9029869459747316,
        0.9352385883913997,
        0.9554182407334233,
        0.9985563531099201
      ],
      [
        0.09273348503016923,
        0.09544126951251233,
        0.09777336040240436,
        0.0976012395649731,
        0.09992226899078539,
        0.10161568371248471,
        0.10440921832500676,
        0.10961137328314702,
        0.11768177113345016,
        0.22949851882848904,
        0.3313457412639147,
        0.15753339991697096,
        0.132005583509242,
        0.12369991109235809,
        0.11681867183615055,
        0.11253205612458894,
        0.11076927508779653,
        0.10677984809618407,
        0.10353870022252738,
        0.09823929071460444
      ]
    ]
  },
  "decision_cutoff_logit": -0.6043632353569615,
  "decision_cutoff_lift": 0.7454989757578616
}