{
  "n_components": 45,
  "n_features_in": 2048,
  "n_cal_knots": 200,
  "cal_min": 3.0513246059417725,
  "cal_max": 36.30178451538086,
  "scaler": "standard"
}