{
    "portfolio": [
        "lr",
        "xgb",
        "rf",
        "svc"
    ],
    "max_batch_size": 100000,
    "max_imbalance_ratio": 100,
    "num_batches": 1,
    "population_prior": 0.1,
    "batch_priors": [
        0.1
    ],
    "decision_cutoff_raw": 0.11791050213389798,
    "decision_cutoff_proba": 0.06182793772869609,
    "decision_cutoff_rank": 0.8249299719887956,
    "decision_cutoff_logit": -2.7195780383216777,
    "decision_cutoff_lift": 0.6182793772869608
}