{
    "portfolio": [
        "lr",
        "xgb",
        "rf",
        "svc"
    ],
    "max_batch_size": 100000,
    "max_imbalance_ratio": 100,
    "num_batches": 1,
    "population_prior": 0.13940256045519203,
    "batch_priors": [
        0.13940256045519203
    ],
    "decision_cutoff_raw": 0.13752696902216188,
    "decision_cutoff_proba": 0.12366575515121483,
    "decision_cutoff_rank": 0.7044159544159545,
    "decision_cutoff_logit": -1.958165173040922,
    "decision_cutoff_lift": 0.8871125088908575
}