{
    "portfolio": [
        "lr",
        "xgb",
        "rf",
        "svc"
    ],
    "max_batch_size": 100000,
    "max_imbalance_ratio": 100,
    "num_batches": 1,
    "population_prior": 0.473972602739726,
    "batch_priors": [
        0.473972602739726
    ],
    "decision_cutoff_raw": 0.353739237633233,
    "decision_cutoff_proba": 0.3425111914619515,
    "decision_cutoff_rank": 0.4869505494505495,
    "decision_cutoff_logit": -0.6521234097023936,
    "decision_cutoff_lift": 0.7226392189804179
}