{
    "portfolio": [
        "xgb",
        "rf",
        "svc"
    ],
    "max_batch_size": 100000,
    "max_imbalance_ratio": 100,
    "num_batches": 1,
    "population_prior": 0.1,
    "batch_priors": [
        0.1
    ],
    "decision_cutoff_raw": 0.17600265784510802,
    "decision_cutoff_proba": 0.08975250130973016,
    "decision_cutoff_rank": 0.8670835337502005,
    "decision_cutoff_logit": -2.316660642388353,
    "decision_cutoff_lift": 0.8975250130973015
}