{
  "task": "classification",
  "format": "onnx",
  "preset_name": "default",
  "use_linear": false,
  "n_features_in": 767,
  "classes": [
    0,
    1
  ],
  "params": {
    "C": 1.0,
    "kernel": "rbf",
    "gamma": "scale",
    "class_weight": "balanced",
    "max_iter": 1825,
    "tol": 0.001,
    "random_state": 42,
    "use_linear": false
  },
  "profile": {
    "n_samples": 365,
    "n_features": 767,
    "n_p_ratio": 0.4758800521512386,
    "sparsity": 0.0,
    "is_sparse_counts": false,
    "binary_feature_fraction": 0.0,
    "feature_signal_strength": 0.19715239683248273,
    "feature_signal_p90": 0.3642159105580744,
    "task": "classification",
    "imbalance_ratio": 1.1098265895953756,
    "y_skewness": 0.0,
    "y_all_positive": false
  },
  "portfolio_scores": {
    "heuristic": 0.9444444444444444,
    "default": 0.9415204678362573,
    "linear": 0.9005847953216375,
    "balanced_rbf": 0.9356725146198831
  },
  "decision_cutoff_raw": 0.4830439853509807,
  "decision_cutoff_raw_source": "oof_balanced_accuracy",
  "decision_cutoff_proba": 0.4480529952151383,
  "decision_cutoff_rank": 0.4917582417582418,
  "decision_cutoff_logit": -0.2085405175338487,
  "calibrator": {
    "method": "platt",
    "coef": 7.282889736846083,
    "intercept": -3.726496600891735
  },
  "ranker": {
    "knots": [
      0.16720827995442916,
      0.16915858985844268,
      0.17278104864522598,
      0.18419705012294652,
      0.19146946429555356,
      0.1948845861336853,
      0.19904546007753343,
      0.20139853444865283,
      0.2043981135498622,
      0.2045350786804935,
      0.20514747730231758,
      0.20666785472390634,
      0.20946473069188512,
      0.21098030256441413,
      0.21221164014158392,
      0.2134004554664941,
      0.21623466296181987,
      0.21627771419273087,
      0.21679880931216586,
      0.217615046890659,
      0.21794964797743188,
      0.21808809677980145,
      0.22138256976271087,
      0.22244342742228743,
      0.22251164080086624,
      0.22293380267503374,
      0.22328916336823523,
      0.22384886404415544,
      0.22427252100467074,
      0.224377973850269,
      0.22449659976202588,
      0.22459748650610162,
      0.2257245274315013,
      0.2261254987227741,
      0.22714964577970068,
      0.2275387501443165,
      0.22870069924941952,
      0.22909531988915818,
      0.2302903164915941,
      0.23041874774262325,
      0.2308656645575119,
      0.23291786536495368,
      0.23301421265212105,
      0.23387190359011267,
      0.23389910581488477,
      0.23399102640885214,
      0.2355429008678273,
      0.23560366904795385,
      0.23575326253199938,
      0.23582401350953439,
      0.23737282513379243,
      0.23750882239275634,
      0.23814996624977094,
      0.2389206047032648,
      0.23988150023021867,
      0.24026635075155112,
      0.2411942833488041,
      0.24208106072547256,
      0.2427726663311223,
      0.2428369727160268,
      0.24345428402961078,
      0.24375945623279124,
      0.24377547479643125,
      0.24394376134708154,
      0.24397761923154074,
      0.24427244712741797,
      0.24621753858291942,
      0.24670436393960174,
      0.24692801859462074,
      0.24862325805253027,
      0.24871602563624376,
      0.250120442976379,
      0.25049424445728946,
      0.25099780926383114,
      0.2510535155988245,
      0.25128377145720293,
      0.2515217559836955,
      0.2515549430203246,
      0.2536743979147047,
      0.2545936318706793,
      0.2579595033940854,
      0.2586859841948972,
      0.26240410293000477,
      0.2637751675602689,
      0.2644154811119076,
      0.26488473646570576,
      0.26576373430420663,
      0.26695642590059376,
      0.26750098265688116,
      0.26937536691415326,
      0.27087297030154794,
      0.2725628366308588,
      0.2725722195658583,
      0.27305435639369646,
      0.2753167644810388,
      0.2758494444867879,
      0.27604675678277485,
      0.2783042830565813,
      0.27851016575652826,
      0.27867848283424174,
      0.27898492354593507,
      0.281530136446409,
      0.2823544090212976,
      0.2823793834089679,
      0.2825081193730013,
      0.2831772295491458,
      0.28461159765797045,
      0.2861739484099753,
      0.286385478377629,
      0.28708970276050055,
      0.287365991889335,
      0.2876040150056486,
      0.28772617883814433,
      0.28950717852217817,
      0.2911502811785168,
      0.29175864122014944,
      0.29572263675319643,
      0.2967461886826142,
      0.296823280569936,
      0.29709605204769396,
      0.29854114410659205,
      0.3015451512714403,
      0.30161354491782943,
      0.3021341755858805,
      0.3039155439789019,
      0.30644952048151863,
      0.30697412619382813,
      0.30980297346370067,
      0.30985783709616366,
      0.31216630146647134,
      0.3150412476700362,
      0.3153318242140912,
      0.3167042075574921,
      0.3168348011288525,
      0.3186380243634649,
      0.3191746481860976,
      0.31969083759245503,
      0.3219430452884063,
      0.3238618900094161,
      0.334341539801769,
      0.33634703600604665,
      0.33640152160721143,
      0.33678005870346944,
      0.3389350644313031,
      0.34159462194507245,
      0.3479444315890904,
      0.3525480571841579,
      0.35277817600282246,
      0.3532389948946081,
      0.35418869183121426,
      0.3542629138915472,
      0.3556206681599567,
      0.35622619316427373,
      0.35855940436518097,
      0.35867841452127197,
      0.3602432048636149,
      0.3733698983350083,
      0.3737967698764366,
      0.37582839206102214,
      0.37877082452259614,
      0.38291829819129586,
      0.3867421426031144,
      0.3875271530089653,
      0.3966878872062721,
      0.40101322583324217,
      0.40397808729815543,
      0.4050089327816975,
      0.4194913754390071,
      0.41992126028694954,
      0.4231672992234126,
      0.43039661493115594,
      0.4320717611863009,
      0.4572234645389036,
      0.4577539851677987,
      0.4630656509881475,
      0.4670070335629864,
      0.46935316550371203,
      0.4697875792478047,
      0.4795161264683445,
      0.4830439853509807,
      0.4978634650218806,
      0.5017845120004187,
      0.5070480027759945,
      0.5127371048413824,
      0.5271946301677666,
      0.5294084887850017,
      0.5357621407495721,
      0.5387275324817625,
      0.5387813274352455,
      0.539500385066078,
      0.5423044744682847,
      0.5432195968715614,
      0.5475902321931456,
      0.5489001388839346,
      0.5504030943254403,
      0.5506959469484526,
      0.5536060329111882,
      0.5541427788583612,
      0.5573350610544763,
      0.5619488548620001,
      0.5623649837813136,
      0.5625719632192159,
      0.5644586604219477,
      0.5651608922432546,
      0.5659378534286601,
      0.5702508352080932,
      0.5815196789345007,
      0.5849942691237778,
      0.5880712405586596,
      0.5886595559222448,
      0.5897429241289839,
      0.5905464574288397,
      0.5927547368394461,
      0.5935357381725288,
      0.5935600690655897,
      0.5958856785423389,
      0.5960628277546908,
      0.5963441372830721,
      0.6000677851205778,
      0.6018411320054999,
      0.6021285786295558,
      0.6035229073171919,
      0.6081804809589257,
      0.6086652806043888,
      0.6088675532634471,
      0.6127383297940542,
      0.6164319662393569,
      0.6198090874465648,
      0.6200597460303107,
      0.6299129621566384,
      0.6327216141058459,
      0.6334246847907556,
      0.6347705669727501,
      0.6351026634202634,
      0.6397565007145086,
      0.6415438910917185,
      0.6477566866244769,
      0.6561971535719154,
      0.6562372135565746,
      0.6607068535767981,
      0.6621818561350524,
      0.6622474554928511,
      0.6642583861114768,
      0.6661873492363811,
      0.6676841162221888,
      0.6700281876596881,
      0.6706376017217439,
      0.671369284209171,
      0.6729111473297239,
      0.6744479842129364,
      0.6776093253708594,
      0.6810451337751572,
      0.6810587687553513,
