{
  "task": "classification",
  "format": "onnx",
  "preset_name": "default",
  "best_iteration": 99,
  "params": {
    "tree_method": "hist",
    "device": "cpu",
    "learning_rate": 0.3,
    "max_depth": 6,
    "min_child_weight": 1,
    "subsample": 1.0,
    "colsample_bytree": 1.0,
    "reg_alpha": 0.0,
    "reg_lambda": 1.0,
    "max_bin": 256,
    "n_estimators": 2000,
    "early_stopping_rounds": 50,
    "nthread": 64,
    "objective": "binary:logistic",
    "scale_pos_weight": 1.1098,
    "eval_metric": "auc"
  },
  "profile": {
    "n_samples": 365,
    "n_features": 767,
    "n_p_ratio": 0.4758800521512386,
    "sparsity": 0.0,
    "is_sparse_counts": false,
    "binary_feature_fraction": 0.0,
    "feature_signal_strength": 0.19715239683248273,
    "feature_signal_p90": 0.3642159105580744,
    "task": "classification",
    "imbalance_ratio": 1.1098265895953756,
    "y_skewness": 0.0,
    "y_all_positive": false
  },
  "portfolio_scores": {
    "flaml": NaN,
    "autogluon": NaN,
    "heuristic": 0.9415204678362573,
    "default": 0.9346978557504872
  },
  "decision_cutoff_raw": 0.26089367270469666,
  "decision_cutoff_raw_source": "oof_balanced_accuracy",
  "decision_cutoff_proba": 0.2619974525246994,
  "decision_cutoff_rank": 0.4945054945054945,
  "decision_cutoff_logit": -1.0356124959324096,
  "calibrator": {
    "method": "platt",
    "coef": 4.241512944667981,
    "intercept": -2.142196385891352
  },
  "ranker": {
    "knots": [
      0.00018310590530745685,
      0.00022394121333491057,
      0.000245651783188805,
      0.0002967535983771086,
      0.00030856128432787955,
      0.000361237587640062,
      0.0004090021247975528,
      0.0004102937236893922,
      0.00042709754779934883,
      0.00044203660218045115,
      0.000484156800666824,
      0.0004937254707328975,
      0.000524895207490772,
      0.0005702105700038373,
      0.0005807121051475406,
      0.0006185462698340416,
      0.0006319158128462732,
      0.0006366682937368751,
      0.0006414338131435215,
      0.0007049065898172557,
      0.0007259463309310377,
      0.0007772863609716296,
      0.0007821691688150167,
      0.0007935650064609945,
      0.000831339624710381,
      0.0008451229659840465,
      0.0009098267764784396,
      0.0009389203041791916,
      0.0010270478669553995,
      0.0010716358665376902,
      0.0010777649004012346,
      0.0010923685040324926,
      0.001109823351725936,
      0.0011188019998371601,
      0.0011973576620221138,
      0.0012141898041591048,
      0.0012359239626675844,
      0.001237917342223227,
      0.001299110590480268,
      0.0013091854052618146,
      0.001384508446790278,
      0.0014517150120809674,
      0.0014682043110951781,
      0.001515495590865612,
      0.0015548933297395706,
      0.0016269448678940535,
      0.0016753608360886574,
      0.0017054667696356773,
      0.0017143060686066747,
      0.0017785887466743588,
      0.0018151106778532267,
      0.001837144955061376,
      0.0018629442201927304,
      0.0018861889839172363,
      0.0019442979246377945,
      0.0021759227383881807,
      0.002178065711632371,
      0.002179253613576293,
      0.002391922054812312,
      0.0025500813499093056,
      0.0026452383026480675,
      0.002677143318578601,
      0.002835654653608799,
      0.002861259039491415,
      0.0030591776594519615,
      0.0030844369903206825,
      0.003210927126929164,
      0.0032388807740062475,
      0.0034683807753026485,
      0.003497891128063202,
      0.003527785651385784,
      0.003531644819304347,
      0.003536934731528163,
      0.0036697934847325087,
      0.0037679816596210003,
      0.003823577193543315,
      0.00393267348408699,
      0.004134374670684338,
      0.004339259583503008,
      0.004766152705997229,
      0.004814330954104662,
      0.004939459264278412,
      0.00511143496260047,
      0.005153025966137648,
      0.005194190423935652,
      0.005356663838028908,
      0.005371324717998505,
      0.0054802801460027695,
      0.005705349612981081,
      0.005721239373087883,
      0.00599872088059783,
      0.00600498728454113,
      0.006205040030181408,
      0.006247999612241983,
      0.006440344732254744,
      0.006534192711114883,
      0.006959783378988504,
      0.007073976565152407,
      0.0071314056403934956,
      0.0072104670107364655,
      0.007405309937894344,
      0.007512276992201805,
      0.007593721151351929,
      0.008225180208683014,
      0.00825522467494011,
      0.008260879665613174,
      0.008354154415428638,
      0.008413928560912609,
      0.008587836287915707,
      0.008632446639239788,
      0.00869414396584034,
      0.008869430981576443,
      0.008871745318174362,
      0.008975528180599213,
      0.009194431826472282,
      0.009336795657873154,
      0.01006479375064373,
      0.01044401153922081,
      0.010569236241281033,
      0.010572628118097782,
      0.010876570828258991,
      0.0111039187759161,
      0.011775534600019455,
      0.012548028491437435,
      0.013095110654830933,
      0.013199069537222385,
      0.013305983506143093,
      0.013492735102772713,
      0.013699029572308064,
      0.014370296150445938,
      0.01639934815466404,
      0.019231218844652176,
      0.019429048523306847,
      0.021497150883078575,
      0.021658457815647125,
      0.02188863605260849,
      0.02286316640675068,
      0.02495972439646721,
      0.025276819244027138,
      0.027738170698285103,
      0.027859335765242577,
      0.03100590407848358,
      0.032125990837812424,
      0.032153259962797165,
      0.039800070226192474,
      0.04114251211285591,
      0.04674655199050903,
      0.04675896093249321,
      0.04993930086493492,
      0.050209928303956985,
      0.0542173832654953,
      0.05759340897202492,
      0.05867037922143936,
      0.05879670009016991,
      0.06313338875770569,
      0.06546595692634583,
      0.08244495838880539,
      0.08606186509132385,
      0.09438670426607132,
      0.10148299485445023,
      0.13750776648521423,
      0.13947813212871552,
      0.15324997901916504,
      0.15697892010211945,
      0.16696494817733765,
      0.17211250960826874,
      0.17281873524188995,
      0.17408734560012817,
      0.17839325964450836,
      0.17913036048412323,
      0.18019448220729828,
      0.18305157124996185,
      0.19285885989665985,
      0.19814106822013855,
      0.20603127777576447,
      0.22106149792671204,
      0.22109097242355347,
      0.23551581799983978,
      0.2573148310184479,
      0.2589268386363983,
      0.26089367270469666,
      0.27289485931396484,
      0.29022416472435,
      0.31264209747314453,
      0.3249848186969757,
      0.33373746275901794,
      0.35717788338661194,
      0.3696628212928772,
      0.3798772096633911,
      0.39071178436279297,
      0.4163292348384857,
      0.4296607971191406,
      0.43969056010246277,
      0.4667627513408661,
      0.4743310809135437,
      0.5166472792625427,
      0.5366430878639221,
      0.5660150647163391,
      0.5961286425590515,
      0.6330689787864685,
      0.654360294342041,
      0.6611488461494446,
      0.6881146430969238,
      0.7030475735664368,
      0.7037638425827026,
      0.710857629776001,
      0.713736355304718,
      0.7151366472244263,
      0.7205217480659485,
      0.7400221228599548,
      0.7989100217819214,
      0.7995229959487915,
      0.8174178004264832,
      0.8402845859527588,
      0.8554081320762634,
      0.8595064282417297,
      0.8648226261138916,
      0.8834061026573181,
      0.8865389823913574,
      0.8870068192481995,
      0.8896433115005493,
      0.8901834487915039,
      0.8959785103797913,
      0.897240400314331,
      0.8987570405006409,
      0.899821937084198,
      0.9042838215827942,
      0.9048082828521729,
      0.9072741866111755,
      0.9092920422554016,
      0.9140967130661011,
      0.9176727533340454,
      0.9192095398902893,
      0.9201136231422424,
      0.9281540513038635,
      0.9324325323104858,
      0.9352282881736755,
