{
  "n_components": 14,
  "n_features_in": 217,
  "n_cal_knots": 200,
  "cal_min": 1.280076503753662,
  "cal_max": 8.96574878692627,
  "scaler": "standard"
}