{
  "n_components": 45,
  "n_features_in": 2048,
  "n_cal_knots": 200,
  "cal_min": 2.8940396308898926,
  "cal_max": 45.425506591796875,
  "scaler": "standard"
}