{
  "task": "classification",
  "format": "onnx",
  "preset_name": "default",
  "use_linear": false,
  "n_features_in": 768,
  "classes": [
    0,
    1
  ],
  "params": {
    "C": 1.0,
    "kernel": "rbf",
    "gamma": "scale",
    "class_weight": "balanced",
    "max_iter": 3515,
    "tol": 0.001,
    "random_state": 42,
    "use_linear": false
  },
  "profile": {
    "n_samples": 703,
    "n_features": 768,
    "n_p_ratio": 0.9153645833333334,
    "sparsity": 0.0,
    "is_sparse_counts": false,
    "binary_feature_fraction": 0.0,
    "feature_signal_strength": 0.048023409808539495,
    "feature_signal_p90": 0.09926775039260563,
    "task": "classification",
    "imbalance_ratio": 6.173469387755102,
    "y_skewness": 0.0,
    "y_all_positive": false
  },
  "portfolio_scores": {
    "heuristic": 0.7268817204301075,
    "default": 0.7304659498207886,
    "linear": 0.5849462365591398,
    "balanced_rbf": 0.7168458781362007
  },
  "decision_cutoff_raw": 0.3455773360685592,
  "decision_cutoff_raw_source": "oof_balanced_accuracy",
  "decision_cutoff_proba": 0.11954755712425377,
  "decision_cutoff_rank": 0.5797720797720798,
  "decision_cutoff_logit": -1.9967216552088327,
  "calibrator": {
    "method": "platt",
    "coef": 4.758596075201065,
    "intercept": -3.6411846103031182
  },
  "ranker": {
    "knots": [
      0.1642660634015663,
      0.17774279657532688,
      0.17807974552839065,
      0.18457687517245094,
      0.18698818140395113,
      0.18977601210693357,
      0.1906243011848373,
      0.1915029359287757,
      0.19236340895658233,
      0.19412653625633697,
      0.19489180983704274,
      0.19669798423749252,
      0.19738583665383472,
      0.19958512841401443,
      0.20314829562923453,
      0.2055656904950293,
      0.20638592854217683,
      0.20977715154320334,
      0.20996065393051883,
      0.2114041873884207,
      0.21178074914451017,
      0.21202783982072704,
      0.21250329573165266,
      0.21263652786300025,
      0.21350227657702364,
      0.2145804393159746,
      0.21566622538927527,
      0.21771272246963774,
      0.21896242703978358,
      0.21941035815126966,
      0.22148340881979725,
      0.2223829807136911,
      0.22252948715027873,
      0.2226057009906045,
      0.22284485624083322,
      0.22339460791797316,
      0.22584953553392698,
      0.2258655988126778,
      0.22613727379396983,
      0.2265154916305331,
      0.2272205596364315,
      0.2273896616501683,
      0.2276718712291197,
      0.22769048313408954,
      0.22791886617937923,
      0.22848666207877763,
      0.22852178277413762,
      0.22884314899033867,
      0.2293014038752541,
      0.22949952077965968,
      0.2295102414304266,
      0.2299246388203017,
      0.23082733978053682,
      0.23112536269639272,
      0.23140016786864795,
      0.23154773668144554,
      0.23158416848708185,
      0.2318920362970632,
      0.23228753602997512,
      0.23239327442827518,
      0.23288212950257015,
      0.23379593331276582,
      0.23505946087400054,
      0.23525479454970818,
      0.23662277964051998,
      0.23698651159825607,
      0.237572896172089,
      0.23757974355601663,
      0.23819200186864053,
      0.23858684952404266,
      0.23863253231111511,
      0.23913588516813705,
      0.23922632334675487,
      0.23925434915848526,
      0.2398039318024401,
      0.24017994331777592,
      0.24028235899231437,
      0.24050521437973127,
      0.24052392388792093,
      0.24070623612681102,
      0.2410291388726896,
      0.2413284224450846,
      0.24181788299092297,
      0.24191872644995555,
      0.24215841184091694,
      0.24246112244607865,
      0.2424793421697222,
      0.24263662557820198,
      0.2428868636854937,
      0.24339226208259931,
      0.24348226579104684,
      0.24372772513896526,
      0.24398255063269472,
      0.2440922010311915,
      0.24439984448537475,
      0.24455294646344905,
      0.24458819458875924,
      0.24469709226511277,
      0.24512411248803043,
      0.2456612063769661,
      0.2461126061998077,
      0.24622382433766843,
      0.24664730093811474,
      0.2468233970297182,
      0.24772142429269228,
      0.24776730677115077,
      0.2477866789971512,
      0.2478660654838176,
      0.24806727730581696,
      0.24809182390543458,
      0.24820725058823823,
      0.24824519932125771,
      0.2491768385453007,
      0.2497018033148651,
      0.2498010078283117,
      0.250694110319146,
      0.2509095468319152,
      0.2509315232975429,
      0.2512115233655571,
      0.2512799203182414,
      0.25155241566823594,
      0.2516219013264531,
      0.2520858256054894,
      0.25238591238610636,
      0.25316538558339735,
      0.2531952112290002,
      0.2532194923058813,
      0.25323801643920485,
      0.25333984344488514,
      0.2537359192844176,
      0.25380780601367375,
      0.25429828979119623,
      0.254565002893243,
      0.25458922691605707,
      0.2550797819170327,
      0.2552932099499821,
      0.25541696660173624,
      0.2555716147520625,
      0.2557254583223368,
      0.25572733139973797,
      0.2565119497010506,
      0.257125077126451,
      0.2572999699249081,
      0.25734208204335124,
      0.2582337100562092,
      0.25854362718848095,
      0.2585629285902329,
      0.25870440558562685,
      0.2587056171151138,
      0.25932072902698294,
      0.25944782917021436,
      0.2595334809847992,
      0.26024253834302397,
      0.26060399116432925,
      0.2610489812498666,
      0.2614102967182269,
      0.2620405952928111,
      0.26213006317979937,
      0.2621879968258899,
      0.2623184002759802,
      0.2626995894109857,
      0.26272945626459343,
      0.2629124003979152,
      0.26322711120099085,
      0.26352981054764324,
      0.2637684212484232,
      0.2638337669984346,
      0.2639369386130659,
      0.2640559157683152,
      0.2644112175848211,
      0.26456753217639517,
      0.26511190794294176,
      0.2654073563179813,
      0.265523516440873,
      0.26558979096792756,
      0.2657052228821517,
      0.265735188411414,
      0.26577787252504337,
      0.26597118750226895,
      0.26627744322006414,
      0.26744671967414585,
      0.26768037101873515,
      0.267861793937396,
      0.2678676350921392,
      0.2678758286568422,
      0.26874681887403484,
      0.26875542757565046,
      0.2698629757479593,
      0.27007387367107727,
      0.2702585737849583,
      0.2702780652453063,
      0.27041634264601977,
      0.2705490010371388,
      0.27058068369910465,
      0.2708319114998238,
      0.2709756970877032,
      0.271514319587271,
      0.27156699060924094,
      0.27161435834676506,
      0.27249977079223753,
      0.27258686548945477,
      0.2728611695986456,
      0.2734212885756447,
      0.27347808852133615,
      0.2735673743098469,
      0.2737820587061751,
      0.27389040811458654,
      0.2739181475794804,
      0.2742677752733194,
      0.27609368967511244,
      0.2764050533884428,
      0.27641260122513994,
      0.2768572887445087,
      0.27731475982759635,
      0.2773446119078564,
      0.27738692237643736,
      0.27745724586718995,
      0.2775368524802758,
      0.27807199412373773,
      0.2782062820556401,
      0.2788260059912801,
      0.28050634403953695,
      0.280521522418252,
      0.2805631884022145,
      0.2808344626272258,
      0.2808858725659967,
      0.28103528138624556,
      0.2811133770806396,
      0.2819700053497317,
      0.28250746116208464,
      0.28289735541605343,
      0.2829266624245918,
      0.2833152196251649,
      0.28339095568544515,
      0.2834003932588376,
      0.2841633007278083,
      0.28425983734876664,
      0.28426916463915325,
      0.28463813315485414,
      0.2852144618808068,
      0.28535659534496993,
      0.2855932069124074,
      0.28586311522839375,
      0.28660582412035024,
      0.2866601819741189,
      0.2868694406664474,
      0.28720176066194064,
      0.28724312347011693,
      0.2874832186261366,
      0.2879503350028076,
      0.2880736082592255,
