{
  "mode": "slow",
  "descriptor_types": [
    "chemeleon",
    "rdkit",
    "morgan"
  ],
  "n_compounds": 2500,
  "n_actives": 250,
  "ratio_actives": 0.1,
  "population_prior": 0.1,
  "portfolio": [
    "lr",
    "xgb",
    "rf",
    "svc"
  ],
  "num_batches": {
    "chemeleon": 1,
    "rdkit": 1,
    "morgan": 1
  },
  "decision_cutoff_raw": 0.19120540433999977,
  "decision_cutoff_proba": 0.07512739662772777,
  "decision_cutoff_rank": 0.8259637188208617,
  "oof_aucs": {
    "chemeleon": 0.9154471111111112,
    "rdkit": 0.930912,
    "morgan": 0.9322222222222222
  },
  "proxy_aucs": {
    "chemeleon": 0.8827875555555555,
    "rdkit": 0.8763946666666665,
    "morgan": 0.8758088888888889
  },
  "train_aucs": {
    "chemeleon": 1.0,
    "rdkit": 0.9998488888888889,
    "morgan": 0.9999057777777778
  },
  "quality_aucs": {
    "chemeleon": 0.8308942222222224,
    "rdkit": 0.861975111111111,
    "morgan": 0.8645386666666666
  },
  "active_descriptors": {
    "chemeleon": true,
    "rdkit": true,
    "morgan": true
  },
  "ad_hard_cutoffs": {
    "chemeleon": 0.05000000074505806,
    "rdkit": 0.05000000074505806,
    "morgan": 0.05000000074505806
  },
  "rank_error_curves": {
    "chemeleon": [
      [
        0.014669697960902974,
        0.12556637909946602,
        0.1734325173320008,
        0.20799215876397725,
        0.23663797510750992,
        0.2659965383914355,
        0.29340356490162595,
        0.3185045721019232,
        0.345294656724716,
        0.3740863138488092,
        0.4015079787939025,
        0.4330963185990365,
        0.47313945206858576,
        0.5073562833013934,
        0.5527857148528541,
        0.6116869720639821,
        0.7093589993301046,
        0.8868381644406949,
        0.9814101005882798,
        0.9993219567089684
      ],
      [
        0.02817513839928435,
        0.02862825473125941,
        0.029059876928178952,
        0.029348185276539426,
        0.029602563249635217,
        0.02997799985849883,
        0.030853313105534387,
        0.031131409954859395,
        0.03195799277056779,
        0.0326239685790269,
        0.03318948096964348,
        0.03679008471187061,
        0.039085354462183745,
        0.03924343463849952,
        0.05364728852669062,
        0.055989812507467415,
        0.07530503588202114,
        0.23448271727980807,
        0.27150823807830465,
        0.21170475459538224
      ]
    ],
    "rdkit": [
      [
        0.02061406431879717,
        0.08649840222379296,
        0.13125896084682528,
        0.17697948448920006,
        0.20846632831551887,
        0.24269874483619835,
        0.27206445330389484,
        0.30637770894319294,
        0.3377223525372616,
        0.3688430026103361,
        0.4015797088622185,
        0.43232056634994176,
        0.47202468016535765,
        0.5204161859967409,
        0.5801401735003873,
        0.6537851611045498,
        0.7651907599936739,
        0.9170171811099577,
        0.968947251969936,
        0.9994700313883736
      ],
      [
        0.01883348938955728,
        0.019672531619641654,
        0.020579343583513376,
        0.02146388917066205,
        0.022222587800030932,
        0.022805156602940014,
        0.023874521974408203,
        0.0247029075989194,
        0.02525089039681219,
        0.026704580303595998,
        0.027545275222651863,
        0.028812603829692644,
        0.03054494884288893,
        0.03375641153615556,
        0.03852656879415967,
        0.05005363585933091,
        0.09808119200497672,
        0.343622628461989,
        0.21451980668930462,
        0.15886687047752474
      ]
    ],
    "morgan": [
      [
        0.008840566505220613,
        0.11411672348020906,
        0.16121330665577605,
        0.2033410437824496,
        0.23731682791690561,
        0.2746961241310675,
        0.3086006963678508,
        0.34697725790126394,
        0.3758989781789014,
        0.40500860422060747,
        0.43580284603572617,
        0.4767742354864791,
        0.5094538836499187,
        0.5532566520310094,
        0.612677464539995,
        0.6840984421502162,
        0.7624179229207411,
        0.8839872859953258,
        0.9589967887078055,
        0.9995877224656227
      ],
      [
        0.0251717728329264,
        0.026196874776587248,
        0.026834860511982344,
        0.027457804679113143,
        0.02817376569592257,
        0.02927051818885024,
        0.030046725711157997,
        0.030493287995989365,
        0.03105317298530251,
        0.033020323006809967,
        0.03322771695326402,
        0.03489353833525047,
        0.03556936636104585,
        0.0372285227877546,
        0.039526030596419,
        0.05368419140953617,
        0.060140028292944056,
        0.3018766351963195,
        0.3215325733639026,
        0.22346117310376326
      ]
    ]
  },
  "decision_cutoff_logit": -2.510470707730177,
  "decision_cutoff_lift": 0.7512739662772777
}