{
  "n_components": 27,
  "n_features_in": 768,
  "n_cal_knots": 200,
  "cal_min": 3.1240007877349854,
  "cal_max": 12.72128677368164,
  "scaler": "standard"
}