{
  "n_components": 45,
  "n_features_in": 2048,
  "n_cal_knots": 200,
  "cal_min": 2.4162983894348145,
  "cal_max": 39.177181243896484,
  "scaler": "standard"
}