{
  "n_components": 45,
  "n_features_in": 2048,
  "n_cal_knots": 200,
  "cal_min": 3.109098434448242,
  "cal_max": 35.110469818115234,
  "scaler": "standard"
}