{
  "n_components": 45,
  "n_features_in": 2048,
  "n_cal_knots": 200,
  "cal_min": 1.9311882257461548,
  "cal_max": 18.950292587280273,
  "scaler": "standard"
}