{
    "portfolio": [
        "xgb",
        "rf",
        "svc"
    ],
    "max_batch_size": 100000,
    "max_imbalance_ratio": 100,
    "num_batches": 1,
    "population_prior": 0.1,
    "batch_priors": [
        0.1
    ],
    "decision_cutoff_raw": 0.25897512629853847,
    "decision_cutoff_proba": 0.09033223301737613,
    "decision_cutoff_rank": 0.8287314925970389,
    "decision_cutoff_logit": -2.3095850901030275,
    "decision_cutoff_lift": 0.9033223301737612
}