{
    "portfolio": [
        "xgb",
        "rf",
        "svc"
    ],
    "max_batch_size": 100000,
    "max_imbalance_ratio": 100,
    "num_batches": 1,
    "population_prior": 0.1,
    "batch_priors": [
        0.1
    ],
    "decision_cutoff_raw": 0.2281179400633154,
    "decision_cutoff_proba": 0.10462883157008235,
    "decision_cutoff_rank": 0.8641157714005397,
    "decision_cutoff_logit": -2.1468191955592237,
    "decision_cutoff_lift": 1.0462883157008234
}