{
  "mode": "slow",
  "descriptor_types": [
    "chemeleon",
    "clamp",
    "morgan"
  ],
  "n_compounds": 703,
  "n_actives": 98,
  "ratio_actives": 0.13940256045519203,
  "population_prior": 0.13940256045519203,
  "portfolio": [
    "lr",
    "xgb",
    "rf",
    "svc"
  ],
  "num_batches": {
    "chemeleon": 1,
    "clamp": 1,
    "morgan": 1
  },
  "decision_cutoff_raw": 0.19830686379050277,
  "decision_cutoff_proba": 0.12552776080210826,
  "decision_cutoff_rank": 0.6553893637226972,
  "oof_aucs": {
    "chemeleon": 0.7748018215550684,
    "clamp": 0.7973182661494349,
    "morgan": 0.7792207792207793
  },
  "proxy_aucs": {
    "chemeleon": 0.711941305447799,
    "clamp": 0.7403946702648002,
    "morgan": 0.7277955810423343
  },
  "train_aucs": {
    "chemeleon": 1.0,
    "clamp": 1.0,
    "morgan": 0.9999494012481026
  },
  "quality_aucs": {
    "chemeleon": 0.5496036431101368,
    "clamp": 0.5946365322988698,
    "morgan": 0.5584921571934559
  },
  "active_descriptors": {
    "chemeleon": true,
    "clamp": true,
    "morgan": true
  },
  "ad_hard_cutoffs": {
    "chemeleon": 0.050500012934207916,
    "clamp": 0.050500012934207916,
    "morgan": 0.050500012934207916
  },
  "rank_error_curves": {
    "chemeleon": [
      [
        0.018830471697978544,
        0.07482069639316268,
        0.10901260677052357,
        0.142835232486481,
        0.15790912549623623,
        0.18253610666897346,
        0.20554604368057802,
        0.22985908635853086,
        0.25081538368236983,
        0.2826567678761068,
        0.31662106329944917,
        0.35867630151437946,
        0.4005103284239383,
        0.4626857207451991,
        0.5096153491071856,
        0.5936973084063344,
        0.6923517031057171,
        0.9683724922182191,
        0.9842770967573832,
        1.0
      ],
      [
        0.09084211995117994,
        0.09324647649208306,
        0.094760799381504,
        0.09539748903788833,
        0.09554921393933462,
        0.09629692145490988,
        0.09736759444212395,
        0.09768403574538222,
        0.09783682170126685,
        0.09915810940124803,
        0.10028484506307318,
        0.10332898490499645,
        0.10641849373650919,
        0.11194453353816135,
        0.12133768765221646,
        0.13754806292057975,
        0.2101314416727513,
        0.496863691529213,
        0.45011114698187293,
        0.4403331912151619
      ]
    ],
    "clamp": [
      [
        0.005685661774500792,
        0.04836149754101969,
        0.09408121635100371,
        0.11530074435810124,
        0.13597524599006877,
        0.15875532848687773,
        0.18226273642185403,
        0.20565632518933646,
        0.2384038079700593,
        0.26925773646909257,
        0.31208292813815397,
        0.3556536376884667,
        0.4231672177536534,
        0.47887232927464773,
        0.5407607868523067,
        0.637189792307423,
        0.7271788948498952,
        0.9181839888191392,
        0.9731048021525548,
        0.9999999999999999
      ],
      [
        0.07943811402201911,
        0.08391282993822154,
        0.0875800793121492,
        0.09034795610846427,
        0.09174518287146356,
        0.09350243795472157,
        0.09560032898007258,
        0.09789168075675077,
        0.10084488395464221,
        0.10439033007650303,
        0.10675617448849815,
        0.11249656384721923,
        0.12110852040933968,
        0.1273237622281352,
        0.13698370684515487,
        0.1558881709075043,
        0.24956097149045528,
        0.49065766908482333,
        0.4896676627622792,
        0.4707551082863211
      ]
    ],
    "morgan": [
      [
        0.011936359554079306,
        0.08891367345679212,
        0.15037464154652871,
        0.1794780148255735,
        0.21741762941668868,
        0.2536822328792535,
        0.28548338327454104,
        0.3221809422486622,
        0.35191958916391164,
        0.38963515072041244,
        0.4275268942532461,
        0.45885033737924785,
        0.49848332255485206,
        0.5377326153684618,
        0.5774204742786365,
        0.654667301276739,
        0.7753650755223909,
        0.9530401138047033,
        0.9730387422696247,
        0.9940611711096161
      ],
      [
        0.07128918772070165,
        0.07597818918311217,
        0.07940894005005067,
        0.08266825434461651,
        0.08439222944525,
        0.08681001917012013,
        0.0906346470197029,
        0.09290398676649189,
        0.09578003555544648,
        0.0986761295675526,
        0.10334083689087874,
        0.10458874431046013,
        0.10937260670610795,
        0.11438095330723129,
        0.12199151885560774,
        0.1372675441509121,
        0.24733371202600216,
        0.5849386717669125,
        0.5279718978686654,
        0.4777662314106258
      ]
    ]
  },
  "decision_cutoff_logit": -1.941093613463137,
  "decision_cutoff_lift": 0.9004695494273685
}