{
  "mode": "slow",
  "descriptor_types": [
    "chemeleon",
    "rdkit",
    "clamp"
  ],
  "n_compounds": 1360,
  "n_actives": 136,
  "ratio_actives": 0.1,
  "population_prior": 0.1,
  "portfolio": [
    "lr",
    "xgb",
    "rf",
    "svc"
  ],
  "num_batches": {
    "chemeleon": 1,
    "rdkit": 1,
    "clamp": 1
  },
  "decision_cutoff_raw": 0.1854096989264844,
  "decision_cutoff_proba": 0.09263086063562227,
  "decision_cutoff_rank": 0.8612950699043416,
  "oof_aucs": {
    "chemeleon": 0.8964520857362553,
    "rdkit": 0.8897959919261822,
    "clamp": 0.8545030757401
  },
  "proxy_aucs": {
    "chemeleon": 0.8244605440215302,
    "rdkit": 0.851205065359477,
    "clamp": 0.8089136389850058
  },
  "train_aucs": {
    "chemeleon": 1.0,
    "rdkit": 1.0,
    "clamp": 1.0
  },
  "quality_aucs": {
    "chemeleon": 0.7929041714725107,
    "rdkit": 0.7795919838523644,
    "clamp": 0.7090061514802
  },
  "active_descriptors": {
    "chemeleon": true,
    "rdkit": true,
    "clamp": true
  },
  "ad_hard_cutoffs": {
    "chemeleon": 0.05000000074505806,
    "rdkit": 0.054750021547079086,
    "clamp": 0.05000000074505806
  },
  "rank_error_curves": {
    "chemeleon": [
      [
        0.02073557064810989,
        0.10935048793848601,
        0.14846417122305183,
        0.18361281321396078,
        0.2114885355557136,
        0.241419190261278,
        0.27497039526702816,
        0.30710828573689336,
        0.336601861864256,
        0.366389090724633,
        0.3998783927127081,
        0.4297495817742337,
        0.4613376006650568,
        0.4955938932290589,
        0.5224091984693982,
        0.566657673343753,
        0.6298227427217716,
        0.7906529345630431,
        0.9764013774814382,
        0.9992561544696487
      ],
      [
        0.03515881968723007,
        0.03625785307176745,
        0.03668834506733102,
        0.0372515093797771,
        0.03825150601895768,
        0.03873572992149629,
        0.03980585760498146,
        0.040313604466755915,
        0.041516183308046406,
        0.042886548464077155,
        0.043599264642662415,
        0.045010022043789705,
        0.046228020265029215,
        0.04722320282642986,
        0.05016992207857933,
        0.055200553528768605,
        0.07397103679740076,
        0.18240919477563192,
        0.24609003052604445,
        0.18654671736763773
      ]
    ],
    "rdkit": [
      [
        0.02366598792925776,
        0.08955597130323986,
        0.12501549396886258,
        0.15841733763662244,
        0.19115992497378306,
        0.2190248907882209,
        0.2457212999285658,
        0.27700378764107686,
        0.30288472845483233,
        0.3333239437633202,
        0.3615364156271381,
        0.3982731893652343,
        0.4444589546995933,
        0.48361236697994087,
        0.5258098684340562,
        0.5871497768071556,
        0.6640141326073179,
        0.8603763953586527,
        0.9695978057155725,
        0.9999131742722833
      ],
      [
        0.03184860467960926,
        0.03327146185965827,
        0.03453671712844266,
        0.03560757753221797,
        0.036767052137375945,
        0.0370857020060499,
        0.038026076149877144,
        0.03912991548307117,
        0.039677240192263055,
        0.04034185171187791,
        0.04158515027607551,
        0.04291443877324813,
        0.044563064360513535,
        0.04800962419757648,
        0.05596347321343214,
        0.059889865659860514,
        0.07769308833984692,
        0.20087809335777293,
        0.22523136889505146,
        0.167004032063637
      ]
    ],
    "clamp": [
      [
        0.006558550925572888,
        0.05877710113465981,
        0.10646060042169522,
        0.1438977781815577,
        0.17454383805918872,
        0.20134198349222443,
        0.22521094995571167,
        0.24261067585988022,
        0.26481754602562335,
        0.2943699048919669,
        0.31739841779422057,
        0.34021979947820963,
        0.3724670916126265,
        0.4012587963849262,
        0.4451980804221016,
        0.49532536055758924,
        0.5698579114139206,
        0.8615452995160384,
        0.9749736102280182,
        0.999304644562744
      ],
      [
        0.037771598757802484,
        0.039491418423853834,
        0.0410634846054463,
        0.04239645653614035,
        0.043599510820638135,
        0.04394217517931627,
        0.04451994965172121,
        0.04556039681812865,
        0.0460285536995754,
        0.04631481860912296,
        0.04656253560355805,
        0.047513134959059386,
        0.048309322818212215,
        0.048835622923266965,
        0.05018824920540593,
        0.054733141183925804,
        0.06117517164410664,
        0.16972844635548773,
        0.1993786767074714,
        0.13822870174565885
      ]
    ]
  },
  "decision_cutoff_logit": -2.2819270023599203,
  "decision_cutoff_lift": 0.9263086063562227
}