{
  "task": "classification",
  "format": "onnx",
  "preset_name": "default",
  "use_linear": false,
  "n_features_in": 1652,
  "classes": [
    0,
    1
  ],
  "params": {
    "C": 1.0,
    "kernel": "rbf",
    "gamma": "scale",
    "class_weight": "balanced",
    "max_iter": 3515,
    "tol": 0.001,
    "random_state": 42,
    "use_linear": false
  },
  "profile": {
    "n_samples": 703,
    "n_features": 1652,
    "n_p_ratio": 0.425544794188862,
    "sparsity": 0.41519568504403476,
    "is_sparse_counts": false,
    "binary_feature_fraction": 0.0012106537530266344,
    "feature_signal_strength": 0.04087175045904485,
    "feature_signal_p90": 0.0803081439248001,
    "task": "classification",
    "imbalance_ratio": 6.173469387755102,
    "y_skewness": 0.0,
    "y_all_positive": false
  },
  "portfolio_scores": {
    "heuristic": 0.6781362007168459,
    "default": 0.6831541218637993,
    "linear": 0.6050179211469534,
    "balanced_rbf": 0.6200716845878136
  },
  "decision_cutoff_raw": 0.378893114170458,
  "decision_cutoff_raw_source": "oof_balanced_accuracy",
  "decision_cutoff_proba": 0.13392387616805232,
  "decision_cutoff_rank": 0.6481481481481481,
  "decision_cutoff_logit": -1.8667012572779642,
  "calibrator": {
    "method": "platt",
    "coef": 4.663438230202367,
    "intercept": -3.633645891060908
  },
  "ranker": {
    "knots": [
      0.17989711525061594,
      0.1856100062930574,
      0.190176627947382,
      0.1928647027871647,
      0.19794985730586004,
      0.200278109574079,
      0.20228486406073226,
      0.20236117912609417,
      0.20333042799477707,
      0.20394952457419782,
      0.2074686928855255,
      0.2074788873683524,
      0.20779269782380302,
      0.2088799731248736,
      0.20988621145845557,
      0.210251316912159,
      0.2120201405525209,
      0.21297603535445817,
      0.21321648753741498,
      0.215246775865447,
      0.21757666950114357,
      0.22100855806460779,
      0.22337023388872962,
      0.22366067673827567,
      0.22388115651679988,
      0.2241967624310054,
      0.22493442681607462,
      0.22650705886872222,
      0.2278506197534498,
      0.22831625651834073,
      0.22869941305180524,
      0.22878300336829008,
      0.22905860222027744,
      0.2291155461299526,
      0.2295944566031831,
      0.23132047066053493,
      0.23150782948698298,
      0.2329869723251367,
      0.23411543000065707,
      0.2345654516193229,
      0.23463987422113933,
      0.23478332774671218,
      0.2350382671363279,
      0.23509713841570776,
      0.23514244907591608,
      0.23533589210250208,
      0.23561871083169433,
      0.2365879764916981,
      0.23675242493406964,
      0.23681729718183325,
      0.2373637994134319,
      0.2378149636039204,
      0.23824500308184732,
      0.2385199401651498,
      0.2386093649781672,
      0.23894462843603548,
      0.23931936554808883,
      0.23978998843821153,
      0.23995697169587862,
      0.24030655870911724,
      0.24105737427099497,
      0.2412804692483557,
      0.2425870597409193,
      0.24272278033814368,
      0.24412597230317393,
      0.24464408107296026,
      0.2452939663138097,
      0.2459259360432348,
      0.24603943126261518,
      0.24609052761926828,
      0.24616682556721553,
      0.24669717435664767,
      0.24675624638284815,
      0.24682717200868037,
      0.24689240828559222,
      0.24737232778101356,
      0.24809041282923772,
      0.24848968471995436,
      0.24853593237562988,
      0.24875361447477515,
      0.2490722360420972,
      0.2494382719522516,
      0.2505680157587691,
      0.2512429391046707,
      0.251262268844445,
      0.251590336190707,
      0.25190703095827743,
      0.2521657269917702,
      0.2522130981655548,
      0.2527194580254165,
      0.2527892946399862,
      0.25281060806377964,
      0.2528918565126138,
      0.2530312985504018,
      0.25304568917168546,
      0.2533250120340034,
      0.2534586182607051,
      0.25386060044548525,
      0.25414057971427606,
      0.2542461109509863,
      0.2544149507158329,
      0.25443102152061575,
      0.2547173517808984,
      0.2547617642846364,
      0.2554887312162701,
      0.25600195765518485,
      0.2562129294898696,
      0.256757368967169,
      0.2568844367739833,
      0.2570291842550254,
      0.25711257543597343,
      0.25711287071940275,
      0.2573935209851506,
      0.25767852366964245,
      0.25858586158334473,
      0.25899400709046627,
      0.2590008940349477,
      0.25935364896493907,
      0.2595688408232887,
      0.2596712842225048,
      0.25981206347415403,
      0.26052963806595747,
      0.2615482987885951,
      0.2616053307931021,
      0.26250794193426324,
      0.26271734925678925,
      0.2633957432001071,
      0.26384183479885265,
      0.26478052907009075,
      0.2653547817356025,
      0.2656733639019981,
      0.265716834807265,
      0.2657653039089282,
      0.26638720171862673,
      0.2670304714128579,
      0.26707500703781156,
      0.2672392068780012,
      0.267503120956257,
      0.26829737462750364,
      0.26926217732390384,
      0.26951284031610334,
      0.2695314292972684,
      0.26959471402210683,
      0.27019580523856696,
      0.2702072579365028,
      0.27042656333223347,
      0.27053418236910515,
      0.2708370291602228,
      0.27137200038136283,
      0.2720754611880528,
      0.2721823918857803,
      0.27220838351345483,
      0.27233374895228374,
      0.27273035495980036,
      0.27280633071677585,
      0.27303962006135146,
      0.2730533178638137,
      0.2731610054132401,
      0.2731636604920934,
      0.27318352759962866,
      0.27349663946195985,
      0.27389517078758063,
      0.27407486674417453,
      0.27525338953622647,
      0.2753097849151085,
      0.2755194127323647,
      0.27567527558283184,
      0.27624515987536485,
      0.2766189704293988,
      0.2769893718699342,
      0.2770090510527106,
      0.2787551347367088,
      0.27895997505683956,
      0.27903382324292136,
      0.27971107348326985,
      0.2800637995535248,
      0.2803028795842529,
      0.28059579080318414,
      0.2806925134005231,
      0.2807348704263722,
      0.2808752432384388,
      0.2810823374566062,
      0.281220297525275,
      0.28178456951589526,
      0.2822431278848893,
      0.2823373877183921,
      0.28291988532832196,
      0.2829390279704547,
      0.28295261570051555,
      0.2830226829189255,
      0.28320595494481876,
      0.28426407282000477,
      0.2843638685842131,
      0.2849046438329293,
      0.2849193774102392,
      0.2849555232465001,
      0.28502411556302104,
      0.285064767202375,
      0.28507619245720817,
      0.28559886697331566,
      0.2858863889050598,
      0.2858920437019649,
      0.2859187553385651,
      0.28605248473295064,
      0.286564713081901,
      0.286622951157393,
      0.28772714587575315,
      0.28826143085798095,
      0.28844238348880885,
      0.2885487074446712,
      0.2885776101501077,
      0.28891008523213235,
      0.28892614304973235,
      0.28913496113232834,
      0.2899305298371842,
      0.29006633127132125,
      0.29068642417013146,
      0.29073818505199256,
      0.2909969158737809,
      0.2913264054339738,
      0.29158238555770155,
      0.29166753618151353,
      0.29167323689248487,
      0.2924135607692677,
      0.2928369864327604,
      0.29289474925341885,
      0.29346750623042783,
      0.2936115145958638,
      0.2936301320510123,
      0.29421938671200426,
      0.29425611925582584,
      0.2942690945547325,
      0.2944457012566219,
      0.29453963350480006,
      0.2946064311556165,
      0.29512026384785917,
      0.2958653550652714,
      0.29627828961565444,
      0.29651392933708054,
      0.2965458402266702,
      0.29725755618915367,
      0.2975278502651145,
      0.2978247246455302,
      0.29827006188081673,
      0.29845339531630805,
      0.2987034719805353,
      0.2989007018910112,
      0.2995643093812572,
      0.2997507803844945,
      0.30073001791656184,
