{
  "mode": "slow",
  "descriptor_types": [
    "chemeleon",
    "rdkit",
    "clamp"
  ],
  "n_compounds": 2080,
  "n_actives": 208,
  "ratio_actives": 0.1,
  "population_prior": 0.1,
  "portfolio": [
    "lr",
    "xgb",
    "rf",
    "svc"
  ],
  "num_batches": {
    "chemeleon": 1,
    "rdkit": 1,
    "clamp": 1
  },
  "decision_cutoff_raw": 0.19717506610319455,
  "decision_cutoff_proba": 0.0925449022877632,
  "decision_cutoff_rank": 0.8558201058201059,
  "oof_aucs": {
    "chemeleon": 0.8676163913543722,
    "rdkit": 0.8636125493096647,
    "clamp": 0.8502039160092044
  },
  "proxy_aucs": {
    "chemeleon": 0.817490035338593,
    "rdkit": 0.8281686595989481,
    "clamp": 0.8232402613412227
  },
  "train_aucs": {
    "chemeleon": 1.0,
    "rdkit": 0.9999280900723209,
    "clamp": 1.0
  },
  "quality_aucs": {
    "chemeleon": 0.7352327827087444,
    "rdkit": 0.7272970085470085,
    "clamp": 0.7004078320184088
  },
  "active_descriptors": {
    "chemeleon": true,
    "rdkit": true,
    "clamp": true
  },
  "ad_hard_cutoffs": {
    "chemeleon": 0.05000000074505806,
    "rdkit": 0.05000000074505806,
    "clamp": 0.05000000074505806
  },
  "rank_error_curves": {
    "chemeleon": [
      [
        0.011526869105553976,
        0.09976156457906094,
        0.14216707165478126,
        0.17505110290353676,
        0.2066832405712169,
        0.24095853191786995,
        0.271765196717014,
        0.30812985154377387,
        0.3326841098881727,
        0.36276898234803584,
        0.3918408825691988,
        0.42674983582785914,
        0.46214878515227614,
        0.49738929574106205,
        0.5364525450583264,
        0.5868277437185699,
        0.6516406022038183,
        0.8582465867998137,
        0.9796096458551757,
        0.9999300608634745
      ],
      [
        0.036600426539098264,
        0.037003054280568624,
        0.037639033347691926,
        0.03806884790037032,
        0.03848772238264383,
        0.039121616729964934,
        0.03962800668044291,
        0.04083562834377682,
        0.0417445379035999,
        0.042945778690792275,
        0.04323184087314379,
        0.0442861114052614,
        0.05023690164845623,
        0.05162680961374233,
        0.05294301507349398,
        0.06746811172314458,
        0.08653679521473193,
        0.22610265541333086,
        0.28214016770824274,
        0.20809695048738716
      ]
    ],
    "rdkit": [
      [
        0.014619365448507568,
        0.09331776698581842,
        0.13742410928595528,
        0.17760123355322405,
        0.21254449297122485,
        0.2430571455871417,
        0.27858451682251706,
        0.31974375820321577,
        0.35516649146483203,
        0.39636241383020454,
        0.4338851311575056,
        0.4803426963857857,
        0.5173678304988727,
        0.5633189589878449,
        0.6118071098062133,
        0.6836469170038779,
        0.7562186853685738,
        0.8594454200825462,
        0.9533491891016802,
        0.997277312802183
      ],
      [
        0.0290560183596483,
        0.03164456221973465,
        0.03349939025645338,
        0.03485171823032837,
        0.036867097974223335,
        0.03779620407465237,
        0.04035435175953178,
        0.04152389560691523,
        0.04379280243385307,
        0.04622993342555592,
        0.04867003086141554,
        0.05278824527715226,
        0.05781578217658011,
        0.06537381415715653,
        0.07104704193069268,
        0.09093301599147817,
        0.13116503652790912,
        0.31703409939711297,
        0.3846800459108781,
        0.26371914553704695
      ]
    ],
    "clamp": [
      [
        0.0013244057431505596,
        0.06538473775670155,
        0.1067026508906008,
        0.14073377023146413,
        0.16588263223804495,
        0.19056462206013636,
        0.21776802294276587,
        0.2413729827995503,
        0.26730015880461194,
        0.2962778438586092,
        0.3214013050038467,
        0.351505350875353,
        0.38861763325494963,
        0.4261022587731723,
        0.4671409314037903,
        0.5148984496923474,
        0.5956580059594887,
        0.8615482362470974,
        0.9659745780960396,
        0.9996753317507971
      ],
      [
        0.041247065699040054,
        0.041730802411594214,
        0.041973257685458,
        0.042278483461025855,
        0.04235541060539411,
        0.0425222283169571,
        0.0430439030420159,
        0.043644343295764304,
        0.044245249545424255,
        0.04596686904759507,
        0.04591424033382222,
        0.04829252144769894,
        0.05048267498151166,
        0.05193052105610949,
        0.053222271899845214,
        0.05636704240329216,
        0.06075205796176306,
        0.19151787389867278,
        0.2802918608043512,
        0.19427580218348575
      ]
    ]
  },
  "decision_cutoff_logit": -2.282950128936635,
  "decision_cutoff_lift": 0.925449022877632
}