{
    "portfolio": [
        "xgb",
        "rf",
        "svc"
    ],
    "max_batch_size": 100000,
    "max_imbalance_ratio": 100,
    "num_batches": 1,
    "population_prior": 0.1,
    "batch_priors": [
        0.1
    ],
    "decision_cutoff_raw": 0.27944103749188814,
    "decision_cutoff_proba": 0.10863933940550656,
    "decision_cutoff_rank": 0.8486451819785154,
    "decision_cutoff_logit": -2.104715544171453,
    "decision_cutoff_lift": 1.0863933940550656
}