{
  "n_components": 27,
  "n_features_in": 768,
  "n_cal_knots": 200,
  "cal_min": 2.7718751430511475,
  "cal_max": 15.101628303527832,
  "scaler": "standard"
}