{
  "n_components": 45,
  "n_features_in": 2048,
  "n_cal_knots": 200,
  "cal_min": 2.6620218753814697,
  "cal_max": 19.03304100036621,
  "scaler": "standard"
}