{
  "n_components": 45,
  "n_features_in": 2048,
  "n_cal_knots": 200,
  "cal_min": 2.161790132522583,
  "cal_max": 18.42878532409668,
  "scaler": "standard"
}