{
  "task": "classification",
  "format": "onnx",
  "preset_name": "linear",
  "use_linear": true,
  "n_features_in": 1987,
  "classes": [
    0,
    1
  ],
  "params": {
    "C": 1.0,
    "class_weight": "balanced",
    "max_iter": 3515,
    "tol": 0.001,
    "random_state": 42,
    "use_linear": true
  },
  "profile": {
    "n_samples": 703,
    "n_features": 1987,
    "n_p_ratio": 0.3537996980372421,
    "sparsity": 0.9669602057756641,
    "is_sparse_counts": false,
    "binary_feature_fraction": 0.7372924006039255,
    "feature_signal_strength": 0.04078613002273119,
    "feature_signal_p90": 0.07876687114536512,
    "task": "classification",
    "imbalance_ratio": 6.173469387755102,
    "y_skewness": 0.0,
    "y_all_positive": false
  },
  "portfolio_scores": {
    "heuristic": NaN,
    "default": NaN,
    "linear": 0.5935483870967742,
    "balanced_rbf": NaN
  },
  "decision_cutoff_raw": 0.33920333717963186,
  "decision_cutoff_raw_source": "oof_balanced_accuracy",
  "decision_cutoff_proba": 0.14471305489487402,
  "decision_cutoff_rank": 0.7051282051282052,
  "decision_cutoff_logit": -1.7766841709544652,
  "calibrator": {
    "method": "platt",
    "coef": 3.2978474022817847,
    "intercept": -2.8953250153176264
  },
  "ranker": {
    "knots": [
      0.025574611037795066,
      0.03415736434509112,
      0.04071982717951102,
      0.04581300162680614,
      0.04748653693202572,
      0.049320000607813864,
      0.05146336679298112,
      0.05435410262165225,
      0.05874286125635342,
      0.06137273667399074,
      0.06465827719380073,
      0.06488059458896439,
      0.06564839906617544,
      0.06760939910588996,
      0.06928827322742338,
      0.06979354585681649,
      0.07310519195050316,
      0.07415704042928438,
      0.07738670742345806,
      0.07781841949738612,
      0.08067951483560505,
      0.08269052716564203,
      0.08304892685726004,
      0.0831672175171144,
      0.08328048985339762,
      0.08476247434991095,
      0.08569151764517675,
      0.08790970204374249,
      0.08821243498934883,
      0.09046990512660948,
      0.09200894182208645,
      0.09248973042713553,
      0.09263027509952332,
      0.09429536283792928,
      0.09517079053853332,
      0.09590343331604018,
      0.09802827559767593,
      0.09836363267533042,
      0.09844725872694435,
      0.09897683500684916,
      0.09917182459110517,
      0.09999830787672143,
      0.1004994813504603,
      0.10130725980812318,
      0.10131628408317211,
      0.10134198773210669,
      0.10168446883226816,
      0.10171948249266459,
      0.10280506348492913,
      0.10285520797664838,
      0.10380253964157254,
      0.10551889038985407,
      0.10570235759730594,
      0.10600903081870157,
      0.10783504732144622,
      0.10951421015904174,
      0.10965526219497114,
      0.11049444512565877,
      0.11079805661202786,
      0.11133353828226651,
      0.11150834839976469,
      0.11183216182046335,
      0.11194942181083771,
      0.11254370776637174,
      0.11265881912871985,
      0.11294475656360871,
      0.11298776656719539,
      0.11352653715391298,
      0.1147831209484405,
      0.11522799661829586,
      0.11556227905276446,
      0.1160717869323564,
      0.1169466960181387,
      0.11716961967000109,
      0.11723855458954041,
      0.11809870357644073,
      0.11868413895628001,
      0.1191972928184519,
      0.11957721718483363,
      0.11990136671270905,
      0.1199135969418758,
      0.1202897850288782,
      0.12050675811911715,
      0.12145530353922894,
      0.12210755071104978,
      0.1223755232303811,
      0.12272348285418125,
      0.12300158200260618,
      0.12363350431552604,
      0.12371469036928041,
      0.1241583926018396,
      0.1244941856239757,
      0.12482496947606438,
      0.12489051915442317,
      0.12507357087408763,
      0.12567976039570214,
      0.12629704775881478,
      0.12706532467876203,
      0.12773000611383323,
      0.12918595527907734,
      0.13139146947285577,
      0.13267452525385418,
      0.13268200203198297,
      0.13271561115953365,
      0.1337684348535695,
      0.13381293039494557,
      0.13475955090777827,
      0.13645582307307344,
      0.13707466899822843,
      0.13775951654543042,
      0.1379631267643253,
      0.13929736947756857,
      0.14023418855038527,
      0.14029384226606822,
      0.14038354344624404,
      0.14105917372622906,
      0.14211577347061174,
      0.1433048873219293,
      0.143751203748842,
      0.1447395418381012,
      0.14560376502373043,
      0.1456567756165912,
      0.14646806267654033,
      0.1467183051149917,
      0.1467593209881083,
      0.14698531195697997,
      0.14778760829277895,
      0.14832486439540932,
      0.1486549789977372,
      0.1487914073953433,
      0.14922942789801033,
      0.15049055321475735,
      0.1510263258221428,
      0.1525934903070686,
      0.1535187166281626,
      0.15355374209773753,
      0.15367950087295013,
      0.15373599990305756,
      0.15375668317981037,
      0.1538219851404808,
      0.1541366305342562,
      0.1543467853232536,
      0.15477204815545673,
      0.15507854167595836,
      0.15603105451003169,
      0.15866994723198805,
      0.15870956736244285,
      0.15893999626736377,
      0.15957206568572863,
      0.16149159708013072,
      0.1622549476119358,
      0.16264873915017503,
      0.16316953240162596,
      0.16381539038482254,
      0.16439831579937517,
      0.164831112171434,
      0.16498445944593626,
      0.16509977820942418,
      0.16510899957831587,
      0.16660254272580663,
      0.16712618864100812,
      0.1671603514029678,
      0.16756366699056838,
      0.16836792049862062,
      0.16866654501860026,
      0.16919559814602847,
      0.16987566017154082,
      0.1701202778310214,
      0.17025157576966485,
      0.17036353790268835,
      0.17051947782683993,
      0.17091822031442958,
      0.170959956380993,
      0.1711579094171916,
      0.1712435459875036,
      0.17149046379648167,
      0.17215739117306625,
      0.1724370965509264,
      0.17268203898474205,
      0.17303785722181458,
      0.17317362868315084,
      0.17390449213585035,
      0.17406069687194092,
      0.1742134485859288,
      0.1747078698901357,
      0.17493195193617148,
      0.1751936874796003,
      0.17556746172450366,
      0.17580360280018548,
      0.17585181229042324,
      0.1759631878123992,
      0.17633962970005906,
      0.17661127158464465,
      0.17676603780171393,
      0.1769135268365129,
      0.1770162434776922,
      0.1782355083866004,
      0.17833363658555004,
      0.1786400351153823,
      0.17909514167669568,
      0.1794075462059621,
      0.17947505793462654,
      0.1794798659933534,
      0.18018788278820808,
      0.18026489003356067,
      0.18040923982286805,
      0.18070019499895434,
      0.1808682686207564,
      0.18144598401319012,
      0.1818012023207788,
      0.18182071529495833,
      0.1822071835779764,
      0.18229407393253408,
      0.18256711542864354,
      0.18356705185871833,
      0.18481157526292336,
      0.18509627393602573,
      0.18525607476134362,
      0.1853520821199389,
      0.1871861384208491,
      0.18722259240924774,
      0.1875313695193975,
      0.18775986330396766,
      0.18887421059713608,
      0.18945552765377333,
      0.18962347838031043,
      0.19038898289127132,
      0.19049157436813458,
      0.19271905307187362,
      0.19279493382517346,
      0.19317373485827016,
      0.19435414327287218,
      0.19476109696356614,
      0.19490565923988867,
      0.19502270040586628,
      0.19521900872575007,
      0.19567171793524213,
      0.19585852972658782,
      0.19655857366382334,
      0.19668720235852025,
      0.19693676944443317,
      0.1970622621237653,
      0.1971319312886644,
      0.19733005362758965,
      0.19767993451239146,
      0.1978069828301639,
      0.1979603669126039,
      0.19808650750425508,
      0.19908436408857297,
      0.19953772837549497,
      0.19969306014314817,
