{
    "portfolio": [
        "lr",
        "xgb",
        "rf",
        "svc"
    ],
    "max_batch_size": 100000,
    "max_imbalance_ratio": 100,
    "num_batches": 1,
    "population_prior": 0.473972602739726,
    "batch_priors": [
        0.473972602739726
    ],
    "decision_cutoff_raw": 0.3939778953751063,
    "decision_cutoff_proba": 0.3711256297592631,
    "decision_cutoff_rank": 0.49313186813186816,
    "decision_cutoff_logit": -0.5273908774298022,
    "decision_cutoff_lift": 0.7830107217464222
}