{
  "n_components": 45,
  "n_features_in": 2048,
  "n_cal_knots": 200,
  "cal_min": 2.224175214767456,
  "cal_max": 28.799144744873047,
  "scaler": "standard"
}