{
  "n_components": 14,
  "n_features_in": 217,
  "n_cal_knots": 200,
  "cal_min": 1.3771129846572876,
  "cal_max": 26.37430191040039,
  "scaler": "standard"
}