{
    "portfolio": [
        "lr",
        "xgb",
        "rf",
        "svc"
    ],
    "max_batch_size": 100000,
    "max_imbalance_ratio": 100,
    "num_batches": 1,
    "population_prior": 0.1,
    "batch_priors": [
        0.1
    ],
    "decision_cutoff_raw": 0.11572182537558609,
    "decision_cutoff_proba": 0.05013010170628959,
    "decision_cutoff_rank": 0.8297498045347927,
    "decision_cutoff_logit": -2.9417033659275442,
    "decision_cutoff_lift": 0.5013010170628959
}