{
    "portfolio": [
        "lr",
        "xgb",
        "rf",
        "svc"
    ],
    "max_batch_size": 100000,
    "max_imbalance_ratio": 100,
    "num_batches": 1,
    "population_prior": 0.13940256045519203,
    "batch_priors": [
        0.13940256045519203
    ],
    "decision_cutoff_raw": 0.23587971137520866,
    "decision_cutoff_proba": 0.1228626280411329,
    "decision_cutoff_rank": 0.5551994301994303,
    "decision_cutoff_logit": -1.9655967325572024,
    "decision_cutoff_lift": 0.8813513011522085
}