{
  "task": "classification",
  "format": "onnx",
  "preset_name": "default",
  "use_linear": false,
  "n_features_in": 1568,
  "classes": [
    0,
    1
  ],
  "params": {
    "C": 1.0,
    "kernel": "rbf",
    "gamma": "scale",
    "class_weight": "balanced",
    "max_iter": 1825,
    "tol": 0.001,
    "random_state": 42,
    "use_linear": false
  },
  "profile": {
    "n_samples": 365,
    "n_features": 1568,
    "n_p_ratio": 0.23278061224489796,
    "sparsity": 0.4169607911657814,
    "is_sparse_counts": false,
    "binary_feature_fraction": 0.0006377551020408163,
    "feature_signal_strength": 0.2117768939115827,
    "feature_signal_p90": 0.44593259686029174,
    "task": "classification",
    "imbalance_ratio": 1.1098265895953756,
    "y_skewness": 0.0,
    "y_all_positive": false
  },
  "portfolio_scores": {
    "heuristic": 0.9590643274853802,
    "default": 0.9619883040935673,
    "linear": 0.9415204678362573,
    "balanced_rbf": 0.9385964912280702
  },
  "decision_cutoff_raw": 0.4400609455695128,
  "decision_cutoff_raw_source": "oof_balanced_accuracy",
  "decision_cutoff_proba": 0.3830064945128612,
  "decision_cutoff_rank": 0.47252747252747257,
  "decision_cutoff_logit": -0.4768065519076976,
  "calibrator": {
    "method": "platt",
    "coef": 7.031346782335555,
    "intercept": -3.5710276655694333
  },
  "ranker": {
    "knots": [
      0.18470566189641244,
      0.18504713345980142,
      0.1857549283478378,
      0.18592565491307303,
      0.19321382186606742,
      0.1950773003918139,
      0.19778880884492786,
      0.1996994324402152,
      0.20148976919406342,
      0.20271123682059303,
      0.20655743235381732,
      0.20940255828637755,
      0.20962421347044155,
      0.21174120790786757,
      0.21614050006231086,
      0.21681817134071457,
      0.21802564993771764,
      0.21877225085491445,
      0.21919773186914124,
      0.22039306965811456,
      0.2208136085330719,
      0.22176997931683734,
      0.22298006370449083,
      0.22352068945806922,
      0.22402273598341702,
      0.2247915346676837,
      0.22545129354711252,
      0.22599165069512078,
      0.22707510146707569,
      0.2273949078742176,
      0.22812017076257415,
      0.22823273204591002,
      0.22851496769459537,
      0.22961795101162075,
      0.2306367413058864,
      0.23340184331131084,
      0.23463262481118274,
      0.2356037908140109,
      0.23579547784515062,
      0.23652796538894982,
      0.23737468313654164,
      0.23754220478687085,
      0.23797559924295777,
      0.23826012349516354,
      0.2382806030259128,
      0.2388894384328409,
      0.2392603834052194,
      0.23930195825642703,
      0.24083671246664717,
      0.24159609893697398,
      0.24269063103016397,
      0.24298914279196623,
      0.2431849908796097,
      0.24385924602001385,
      0.24421788552919052,
      0.24516082546749435,
      0.2458364602939432,
      0.2465168627725581,
      0.24661102450086472,
      0.24677619999226047,
      0.24687805072367544,
      0.2473113213482367,
      0.2478022741793613,
      0.25010969493079627,
      0.25029589401773533,
      0.2505490530260306,
      0.25130637850267906,
      0.251693403679848,
      0.25188764792280055,
      0.25307055738859335,
      0.25433976190799057,
      0.2548913002111932,
      0.25506222762181807,
      0.25530941448269706,
      0.25553320958604786,
      0.2559018812902282,
      0.2566066342328995,
      0.2585332989290813,
      0.2592711235006886,
      0.25934878481174106,
      0.26003552190346463,
      0.2604442914415392,
      0.26054588906651827,
      0.26113115355583805,
      0.2622150308048237,
      0.26266007292148175,
      0.26278039973536477,
      0.26281138060622844,
      0.262838720785083,
      0.2639397551210417,
      0.26416649482078863,
      0.264636298870966,
      0.26483062298666504,
      0.265527812161983,
      0.2656212581007206,
      0.26626947420324837,
      0.266392285197191,
      0.2663967229002728,
      0.2676710879543948,
      0.2683987921534141,
      0.26847652594932286,
      0.26980910133500074,
      0.2700909197236997,
      0.2711925192923576,
      0.2717271120704484,
      0.27222554720486364,
      0.2724267814093015,
      0.2729283972514346,
      0.27411501778849745,
      0.27416424894419367,
      0.27495289469637146,
      0.27564263008096956,
      0.2759396558331751,
      0.2769142864129352,
      0.278127450903343,
      0.27896474575172336,
      0.2790742525086805,
      0.2792011666897714,
      0.2793418570589174,
      0.2794504212804163,
      0.28054950167275455,
      0.28108989553337066,
      0.2811622491206224,
      0.2833752110185126,
      0.2855429854899096,
      0.2855689012856034,
      0.28670171333140654,
      0.2891276924919206,
      0.2891623292789733,
      0.29180187805182856,
      0.292322117273429,
      0.29351062901002667,
      0.29420796205038774,
      0.29477758745575855,
      0.29479687147670885,
      0.2965289890971536,
      0.2970806420389652,
      0.29798766184476355,
      0.300096262025906,
      0.30249642768022295,
      0.30331544761539836,
      0.30618840075127424,
      0.307888080044907,
      0.31132038666543,
      0.311609990227636,
      0.3134948821581937,
      0.31697229126377785,
      0.32178172946015965,
      0.3265228895254069,
      0.3283471291380943,
      0.3289230947696371,
      0.3351267382102215,
      0.3356240811158549,
      0.3371555461806204,
      0.340069463407643,
      0.34422194378056253,
      0.34654708656492944,
      0.35455747284323796,
      0.35600549262334413,
      0.36351342332370856,
      0.36736168612723785,
      0.3675580904414755,
      0.3736733047343664,
      0.3818459462570804,
      0.3877850013606835,
      0.39295366531739284,
      0.40019667357342165,
      0.40914429155811466,
      0.41542674867961854,
      0.42514971607162905,
      0.4347697184829631,
      0.438739885388641,
      0.4400609455695128,
      0.44209238216447505,
      0.44339574542877236,
      0.44386453628710715,
      0.449291578712759,
      0.4530564632801124,
      0.4657939024812699,
      0.47039082713944824,
      0.4717360282521657,
      0.48049151340791035,
      0.4893579331313672,
      0.4965475106184389,
      0.49916747633974096,
      0.5056753145651891,
      0.507997315257162,
      0.5317167211543496,
      0.534573005154595,
      0.537313875811888,
      0.537829931334039,
      0.5389292880266772,
      0.5391639199529387,
      0.5409641429098843,
      0.5416461429639359,
      0.545206277514137,
      0.545748341734681,
      0.5510384408920845,
      0.5528237228165335,
      0.5545067595803486,
      0.5629759521076088,
      0.5633217026549525,
      0.5648010422575727,
      0.5694177902586708,
      0.5757601289883051,
      0.575890317767618,
      0.5801817829956734,
      0.5802375561518702,
      0.5849828122787445,
      0.5880392528547186,
      0.5901375030192979,
      0.5909571003120019,
      0.5915655894036347,
      0.5929780702839176,
      0.5947632855011927,
      0.5957220309325574,
      0.6010627220061434,
      0.6059093061473316,
      0.6074828721128078,
      0.607936747794106,
      0.6155627803737017,
      0.6190709318122901,
      0.6237723412484163,
      0.6252790468492596,
      0.6289047908440798,
      0.6303702678004062,
      0.6360103906188571,
      0.6363342824369479,
      0.637260280890057,
      0.6431935620235854,
      0.6433813335378642,
      0.6466238002339949,
      0.6467000478499018,
      0.6471054388746283,
      0.6490723459584883,
      0.6493579328140016,
      0.6530262826748037,
      0.6546446271421603,
      0.6618704144738633,
      0.6664144044821065,
      0.6677245991584536,
      0.6702995400705807,
      0.6708848526492603,
      0.6715606959965323,
      0.6723378538214987,
      0.6735777524659804,
      0.6768566083590655,
      0.6778084777569605,
      0.6781848186889715,
      0.6789376699912049,
      0.6806716119180722,
      0.6862510310045065,
