{
  "task": "classification",
  "format": "onnx",
  "preset_name": "default",
  "best_iteration": 99,
  "params": {
    "tree_method": "hist",
    "device": "cpu",
    "learning_rate": 0.3,
    "max_depth": 6,
    "min_child_weight": 1,
    "subsample": 1.0,
    "colsample_bytree": 1.0,
    "reg_alpha": 0.0,
    "reg_lambda": 1.0,
    "max_bin": 256,
    "n_estimators": 2000,
    "early_stopping_rounds": 50,
    "nthread": 64,
    "objective": "binary:logistic",
    "scale_pos_weight": 1.1098,
    "eval_metric": "auc"
  },
  "profile": {
    "n_samples": 365,
    "n_features": 1568,
    "n_p_ratio": 0.23278061224489796,
    "sparsity": 0.4169607911657814,
    "is_sparse_counts": false,
    "binary_feature_fraction": 0.0006377551020408163,
    "feature_signal_strength": 0.2117768939115827,
    "feature_signal_p90": 0.44593259686029174,
    "task": "classification",
    "imbalance_ratio": 1.1098265895953756,
    "y_skewness": 0.0,
    "y_all_positive": false
  },
  "portfolio_scores": {
    "flaml": NaN,
    "autogluon": NaN,
    "heuristic": 0.9405458089668617,
    "default": 0.935672514619883
  },
  "decision_cutoff_raw": 0.3105722963809967,
  "decision_cutoff_raw_source": "oof_balanced_accuracy",
  "decision_cutoff_proba": 0.2961631925151314,
  "decision_cutoff_rank": 0.4917582417582418,
  "decision_cutoff_logit": -0.8656358932723011,
  "calibrator": {
    "method": "platt",
    "coef": 4.089708772146712,
    "intercept": -2.1357861381674117
  },
  "ranker": {
    "knots": [
      0.00040857814019545913,
      0.00041690064244903624,
      0.0004630423500202596,
      0.0005207713693380356,
      0.0005979385459795594,
      0.0006027538329362869,
      0.0006316439248621464,
      0.0006597805768251419,
      0.0006717011565342546,
      0.0007190750329755247,
      0.0007518102065660059,
      0.0008687305962666869,
      0.0009320555254817009,
      0.0009692111052572727,
      0.001014216337352991,
      0.0010168759617954493,
      0.0010284411255270243,
      0.0011003284016624093,
      0.0011470807949081063,
      0.0011510771000757813,
      0.001167947193607688,
      0.0011859609512612224,
      0.0011911465553566813,
      0.0012770534958690405,
      0.001290713669732213,
      0.0014100153930485249,
      0.0014469450106844306,
      0.0014629942597821355,
      0.0014814274618402123,
      0.0015124622732400894,
      0.0015245875110849738,
      0.001527926535345614,
      0.001556868082843721,
      0.0015858300030231476,
      0.0016736302059143782,
      0.0016927794786170125,
      0.0017123494762927294,
      0.0018032436491921544,
      0.0018323010299354792,
      0.0018480477156117558,
      0.0018662881338968873,
      0.0018715184414759278,
      0.001915506087243557,
      0.002053437754511833,
      0.002086642198264599,
      0.002164098434150219,
      0.0021774284541606903,
      0.0021950555965304375,
      0.002253355225548148,
      0.0022705334704369307,
      0.002319819526746869,
      0.0024620008189231157,
      0.002577550243586302,
      0.0025941445492208004,
      0.0027095142286270857,
      0.0027417996898293495,
      0.00278871669434011,
      0.0028354497626423836,
      0.0028888077940791845,
      0.002891671610996127,
      0.0029337869491428137,
      0.0031156069599092007,
      0.0031755552627146244,
      0.003230621572583914,
      0.0033170366659760475,
      0.0033176736906170845,
      0.003373742802068591,
      0.003407892771065235,
      0.0034821100998669863,
      0.003823579056188464,
      0.0038292661774903536,
      0.0038639914710074663,
      0.0038813427090644836,
      0.004078200086951256,
      0.0041098082438111305,
      0.004167086910456419,
      0.004260054789483547,
      0.004309246316552162,
      0.00440385565161705,
      0.004422165919095278,
      0.004499714821577072,
      0.004510096739977598,
      0.00454346276819706,
      0.004546739626675844,
      0.004592906683683395,
      0.004811604041606188,
      0.004812154453247786,
      0.004820313770323992,
      0.00487298471853137,
      0.004923132248222828,
      0.004954157397150993,
      0.004976342432200909,
      0.005095448344945908,
      0.00546460272744298,
      0.005689768586307764,
      0.005716627463698387,
      0.0060529159381985664,
      0.006349081639200449,
      0.006407475098967552,
      0.0067528653889894485,
      0.006938415113836527,
      0.007900071330368519,
      0.008150014095008373,
      0.00827147625386715,
      0.008737236261367798,
      0.008800658397376537,
      0.008811059407889843,
      0.008813999593257904,
      0.00883453618735075,
      0.009187172167003155,
      0.009262205101549625,
      0.009391458705067635,
      0.009654989466071129,
      0.010047022253274918,
      0.010449301451444626,
      0.010498874820768833,
      0.010737664997577667,
      0.010793915949761868,
      0.011422790586948395,
      0.013305163942277431,
      0.014285464771091938,
      0.014898291788995266,
      0.01751999370753765,
      0.01832462288439274,
      0.020140834152698517,
      0.020441951230168343,
      0.02054736018180847,
      0.021268460899591446,
      0.021390825510025024,
      0.021825898438692093,
      0.022096553817391396,
      0.02559433877468109,
      0.02708258666098118,
      0.027552910149097443,
      0.02910294197499752,
      0.0295492485165596,
      0.03414967283606529,
      0.03945164382457733,
      0.04003581032156944,
      0.04022045433521271,
      0.040642522275447845,
      0.04128684103488922,
      0.042724840342998505,
      0.04372686520218849,
      0.046033892780542374,
      0.046057309955358505,
      0.04757393151521683,
      0.048831481486558914,
      0.050148431211709976,
      0.055164583027362823,
      0.05527494475245476,
      0.05684579908847809,
      0.05992862954735756,
      0.061926696449518204,
      0.06321940571069717,
      0.0649186447262764,
      0.06857480853796005,
      0.07024594396352768,
      0.07240808755159378,
      0.07426416128873825,
      0.1093745157122612,
      0.11338262259960175,
      0.1179569661617279,
      0.13919976353645325,
      0.15138167142868042,
      0.16450458765029907,
      0.18315288424491882,
      0.2098422348499298,
      0.21813422441482544,
      0.22868677973747253,
      0.22883281111717224,
      0.23391194641590118,
      0.25489452481269836,
      0.2564443349838257,
      0.2764582335948944,
      0.28688475489616394,
      0.2903677821159363,
      0.29445239901542664,
      0.30979809165000916,
      0.3105722963809967,
      0.33783745765686035,
      0.34538593888282776,
      0.3608567714691162,
      0.3652191162109375,
      0.4089357256889343,
      0.44418665766716003,
      0.46398255228996277,
      0.4727768301963806,
      0.5163680911064148,
      0.5253304243087769,
      0.5406515002250671,
      0.5515609383583069,
      0.5539055466651917,
      0.5810678005218506,
      0.5834210515022278,
      0.6115559935569763,
      0.6126947402954102,
      0.6172455549240112,
      0.6203985810279846,
      0.6332985758781433,
      0.6711464524269104,
      0.6775486469268799,
      0.6783087849617004,
      0.6814917325973511,
      0.7448120713233948,
      0.7519668340682983,
      0.7545089721679688,
      0.7764363288879395,
      0.7912440299987793,
      0.8024590015411377,
      0.8258318305015564,
      0.8422327041625977,
      0.8535081148147583,
      0.8542821407318115,
      0.8615138530731201,
      0.8664663434028625,
      0.8695974946022034,
      0.8817216157913208,
      0.8840975761413574,
      0.8947247266769409,
      0.9020827412605286,
      0.9078316688537598,
      0.9151461124420166,
      0.9167323708534241,
      0.9177690148353577,
      0.9187548756599426,
      0.9264681935310364,
      0.9271683692932129,
      0.9299521446228027,
      0.930462121963501,
      0.9330232739448547,
      0.9357696771621704,
      0.9358181953430176,
      0.9427595138549805,
      0.9556923508644104,
