{
    "portfolio": [
        "lr",
        "xgb",
        "rf",
        "svc"
    ],
    "max_batch_size": 100000,
    "max_imbalance_ratio": 100,
    "num_batches": 1,
    "population_prior": 0.473972602739726,
    "batch_priors": [
        0.473972602739726
    ],
    "decision_cutoff_raw": 0.3834470724610084,
    "decision_cutoff_proba": 0.3464014484180462,
    "decision_cutoff_rank": 0.4821428571428572,
    "decision_cutoff_logit": -0.6348949694565181,
    "decision_cutoff_lift": 0.7308469865467448
}