{
    "portfolio": [
        "lr",
        "xgb",
        "rf",
        "svc"
    ],
    "max_batch_size": 100000,
    "max_imbalance_ratio": 100,
    "num_batches": 1,
    "population_prior": 0.1,
    "batch_priors": [
        0.1
    ],
    "decision_cutoff_raw": 0.13608150297258742,
    "decision_cutoff_proba": 0.07924286614805291,
    "decision_cutoff_rank": 0.8517316017316018,
    "decision_cutoff_logit": -2.4526789115195182,
    "decision_cutoff_lift": 0.792428661480529
}